2021-11-18-09.54.11,0
2021-11-18-09.55.10,0
2021-11-18-09.56.09,0
2021-11-18-09.57.08,0
2021-11-18-09.58.07,0
2021-11-18-09.59.06,0
2021-11-18-10.00.05,0
2021-11-18-10.01.04,0
2021-11-18-10.02.03,0
2021-11-18-10.03.02,0
2021-11-18-10.04.02,0
2021-11-18-10.05.01,0
2021-11-18-10.06.00,0
2021-11-18-10.06.59,0
2021-11-18-10.07.58,0
2021-11-18-10.08.57,0
2021-11-18-10.09.56,0
2021-11-18-10.10.55,0
2021-11-18-10.11.54,0
2021-11-18-10.12.53,0
2021-11-18-10.13.52,0
2021-11-18-10.14.51,0
2021-11-18-10.15.50,1
2021-11-18-10.16.50,0
2021-11-18-10.17.49,0
2021-11-18-10.18.48,0
2021-11-18-10.19.47,0
2021-11-18-10.20.46,0
2021-11-18-10.21.45,0
2021-11-18-10.22.44,0
2021-11-18-10.23.43,0
2021-11-18-10.24.42,0
2021-11-18-10.25.41,0
2021-11-18-10.26.40,0
2021-11-18-10.27.39,0
2021-11-18-10.28.38,0
2021-11-18-10.29.37,8
2021-11-18-10.30.37,0
2021-11-18-10.31.36,0
2021-11-18-10.32.35,0
2021-11-18-10.33.34,1
2021-11-18-10.34.34,0
2021-11-18-10.35.33,0
2021-11-18-10.36.32,16
2021-11-18-10.37.33,0
2021-11-18-10.38.32,0
2021-11-18-10.39.31,0
2021-11-18-10.40.30,0
2021-11-18-10.41.29,0
2021-11-18-10.42.28,0
2021-11-18-10.43.27,0
2021-11-18-10.44.26,0
2021-11-18-10.45.25,0
2021-11-18-10.46.24,0
2021-11-18-10.47.23,0
2021-11-18-10.48.22,0
2021-11-18-10.49.21,0
2021-11-18-10.50.20,11
2021-11-18-10.51.20,0
2021-11-18-10.52.19,0
2021-11-18-10.53.18,0
2021-11-18-10.54.17,0
2021-11-18-10.55.16,0
2021-11-18-10.56.15,0
2021-11-18-10.57.14,0
2021-11-18-10.58.13,0
2021-11-18-10.59.12,0
2021-11-18-11.00.11,0
2021-11-18-11.01.10,0
2021-11-18-11.02.09,0
2021-11-18-11.03.08,0
2021-11-18-11.04.07,0
2021-11-18-11.05.06,0
2021-11-18-11.06.05,0
2021-11-18-11.07.04,0
2021-11-18-11.08.03,0
2021-11-18-11.09.02,0
2021-11-18-11.10.01,0
2021-11-18-11.11.00,1
2021-11-18-11.12.01,0
2021-11-18-11.13.00,0
2021-11-18-11.13.59,0
2021-11-18-11.14.58,0
2021-11-18-11.15.57,0
2021-11-18-11.16.56,0
2021-11-18-11.17.55,0
2021-11-18-11.18.54,0
2021-11-18-11.19.53,0
2021-11-18-11.20.52,0
2021-11-18-11.21.51,0
2021-11-18-11.22.50,0
2021-11-18-11.23.49,0
2021-11-18-11.24.48,0
2021-11-18-11.25.47,0
2021-11-18-11.26.46,0
2021-11-18-11.27.45,0
2021-11-18-11.28.44,0
2021-11-18-11.29.43,0
2021-11-18-11.30.42,0
2021-11-18-11.31.41,0
2021-11-18-11.32.40,5
2021-11-18-11.33.40,0
2021-11-18-11.34.39,0
2021-11-18-11.35.38,0
2021-11-18-11.36.37,0
2021-11-18-11.37.36,0
2021-11-18-11.38.35,0
2021-11-18-11.39.34,16
2021-11-18-11.40.34,0
2021-11-18-11.41.33,0
2021-11-18-11.42.32,0
2021-11-18-11.43.31,0
2021-11-18-11.44.30,0
2021-11-18-11.45.29,0
2021-11-18-11.46.28,0
2021-11-18-11.47.28,0
2021-11-18-11.48.27,0
2021-11-18-11.49.26,0
2021-11-18-11.50.25,0
2021-11-18-11.51.24,0
2021-11-18-11.52.23,0
2021-11-18-11.53.22,8
2021-11-18-11.54.22,0
2021-11-18-11.55.21,0
2021-11-18-11.56.20,0
2021-11-18-11.57.19,0
2021-11-18-11.58.18,0
2021-11-18-11.59.17,0
2021-11-18-12.00.16,0
2021-11-18-12.01.15,0
2021-11-18-12.02.14,0
2021-11-18-12.03.13,0
2021-11-18-12.04.12,0
2021-11-18-12.05.11,0
2021-11-18-12.06.10,0
2021-11-18-12.07.09,0
2021-11-18-12.08.08,0
2021-11-18-12.09.07,0
2021-11-18-12.10.06,0
2021-11-18-12.11.05,0
2021-11-18-12.12.04,0
2021-11-18-12.13.03,0
2021-11-18-12.14.02,0
2021-11-18-12.15.01,0
2021-11-18-12.16.00,0
2021-11-18-12.16.59,0
2021-11-18-12.17.58,0
2021-11-18-12.18.57,0
2021-11-18-12.19.57,0
2021-11-18-12.20.56,0
2021-11-18-12.21.55,0
2021-11-18-12.22.54,0
2021-11-18-12.23.53,0
2021-11-18-12.24.52,0
2021-11-18-12.25.51,1
2021-11-18-12.26.51,0
2021-11-18-12.27.50,0
2021-11-18-12.28.49,1
2021-11-18-12.29.49,0
2021-11-18-12.30.48,0
2021-11-18-12.31.47,0
2021-11-18-12.32.46,0
2021-11-18-12.33.45,0
2021-11-18-12.34.44,0
2021-11-18-12.35.43,0
2021-11-18-12.36.42,0
2021-11-18-12.37.41,0
2021-11-18-12.38.40,0
2021-11-18-12.39.39,0
2021-11-18-12.40.38,0
2021-11-18-12.41.37,0
2021-11-18-12.42.36,11
2021-11-18-12.43.36,0
2021-11-18-12.44.35,0
2021-11-18-12.45.34,0
2021-11-18-12.46.33,0
2021-11-18-12.47.32,0
2021-11-18-12.48.31,0
2021-11-18-12.49.30,0
2021-11-18-12.50.29,0
2021-11-18-12.51.28,0
2021-11-18-12.52.27,0
2021-11-18-12.53.26,0
2021-11-18-12.54.26,0
2021-11-18-12.55.25,0
2021-11-18-12.56.24,8
2021-11-18-12.57.24,0
2021-11-18-12.58.23,0
2021-11-18-12.59.22,0
2021-11-18-13.00.21,0
2021-11-18-13.01.20,0
2021-11-18-13.02.19,0
2021-11-18-13.03.18,15
2021-11-18-13.04.18,0
2021-11-18-13.05.17,0
2021-11-18-13.06.16,0
2021-11-18-13.07.15,0
2021-11-18-13.08.14,0
2021-11-18-13.09.13,0
2021-11-18-13.10.12,0
2021-11-18-13.11.11,0
2021-11-18-13.12.10,0
2021-11-18-13.13.09,0
2021-11-18-13.14.08,0
2021-11-18-13.15.07,0
2021-11-18-13.16.06,0
2021-11-18-13.17.05,0
2021-11-18-13.18.04,0
2021-11-18-13.19.03,0
2021-11-18-13.20.02,0
2021-11-18-13.21.01,0
2021-11-18-13.22.00,0
2021-11-18-13.22.59,0
2021-11-18-13.23.58,0
2021-11-18-13.24.57,8
2021-11-18-13.25.57,0
2021-11-18-13.26.57,0
2021-11-18-13.27.56,0
2021-11-18-13.28.55,0
2021-11-18-13.29.54,0
2021-11-18-13.30.53,0
2021-11-18-13.31.52,3
2021-11-18-13.32.52,0
2021-11-18-13.33.51,0
2021-11-18-13.34.50,0
2021-11-18-13.35.49,0
2021-11-18-13.36.48,0
2021-11-18-13.37.47,0
2021-11-18-13.38.46,0
2021-11-18-13.39.45,0
2021-11-18-13.40.44,0
2021-11-18-13.41.43,0
2021-11-18-13.42.42,0
2021-11-18-13.43.41,0
2021-11-18-13.44.40,0
2021-11-18-13.45.39,0
2021-11-18-13.46.38,0
2021-11-18-13.47.37,0
2021-11-18-13.48.36,0
2021-11-18-13.49.35,0
2021-11-18-13.50.34,0
2021-11-18-13.51.33,0
2021-11-18-13.52.32,0
2021-11-18-13.53.31,0
2021-11-18-13.54.30,0
2021-11-18-13.55.29,0
2021-11-18-13.56.28,0
2021-11-18-13.57.27,0
2021-11-18-13.58.26,0
2021-11-18-13.59.26,1
2021-11-18-14.00.26,0
2021-11-18-14.01.25,0
2021-11-18-14.02.24,0
2021-11-18-14.03.23,0
2021-11-18-14.04.22,0
2021-11-18-14.05.21,0
2021-11-18-14.06.20,15
2021-11-18-14.07.20,0
2021-11-18-14.08.19,0
2021-11-18-14.09.18,0
2021-11-18-14.10.17,0
2021-11-18-14.11.16,0
2021-11-18-14.12.15,0
2021-11-18-14.13.14,0
2021-11-18-14.14.13,3
2021-11-18-14.15.13,0
2021-11-18-14.16.12,0
2021-11-18-14.17.11,0
2021-11-18-14.18.10,0
2021-11-18-14.19.09,0
2021-11-18-14.20.08,0
2021-11-18-14.21.07,0
2021-11-18-14.22.06,0
2021-11-18-14.23.05,0
2021-11-18-14.24.04,0
2021-11-18-14.25.03,0
2021-11-18-14.26.02,0
2021-11-18-14.27.01,0
2021-11-18-14.28.00,0
2021-11-18-14.28.59,0
2021-11-18-14.29.58,0
2021-11-18-14.30.57,0
2021-11-18-14.31.56,0
2021-11-18-14.32.56,0
2021-11-18-14.33.55,0
2021-11-18-14.34.54,10
2021-11-18-14.35.54,0
2021-11-18-14.36.53,0
2021-11-18-14.37.52,0
2021-11-18-14.38.51,0
2021-11-18-14.39.50,0
2021-11-18-14.40.49,0
2021-11-18-14.41.48,0
2021-11-18-14.42.47,0
2021-11-18-14.43.46,0
2021-11-18-14.44.45,0
2021-11-18-14.45.44,0
2021-11-18-14.46.43,0
2021-11-18-14.47.42,0
2021-11-18-14.48.41,6
2021-11-18-14.49.41,0
2021-11-18-14.50.40,0
2021-11-18-14.51.39,0
2021-11-18-14.52.38,0
2021-11-18-14.53.37,0
2021-11-18-14.54.36,0
2021-11-18-14.55.35,13
2021-11-18-14.56.35,0
2021-11-18-14.57.34,0
2021-11-18-14.58.33,0
2021-11-18-14.59.32,0
2021-11-18-15.00.31,0
2021-11-18-15.01.30,0
2021-11-18-15.02.29,0
2021-11-18-15.03.28,0
2021-11-18-15.04.27,0
2021-11-18-15.05.26,0
2021-11-18-15.06.26,0
2021-11-18-15.07.25,0
2021-11-18-15.08.24,0
2021-11-18-15.09.23,10
2021-11-18-15.10.23,0
2021-11-18-15.11.22,0
2021-11-18-15.12.21,0
2021-11-18-15.13.20,0
2021-11-18-15.14.19,0
2021-11-18-15.15.18,0
2021-11-18-15.16.17,15
2021-11-18-15.17.17,0
2021-11-18-15.18.16,0
2021-11-18-15.19.15,0
2021-11-18-15.20.14,0
2021-11-18-15.21.13,0
2021-11-18-15.22.12,0
2021-11-18-15.23.11,0
2021-11-18-15.24.10,0
2021-11-18-15.25.10,0
2021-11-18-15.26.09,0
2021-11-18-15.27.08,0
2021-11-18-15.28.07,0
2021-11-18-15.29.06,0
2021-11-18-15.30.05,0
2021-11-18-15.31.04,0
2021-11-18-15.32.03,0
2021-11-18-15.33.02,0
2021-11-18-15.34.01,0
2021-11-18-15.35.00,0
2021-11-18-15.35.59,0
2021-11-18-15.36.58,0
2021-11-18-15.37.57,0
2021-11-18-15.38.56,0
2021-11-18-15.39.55,0
2021-11-18-15.40.54,0
2021-11-18-15.41.53,0
2021-11-18-15.42.52,0
2021-11-18-15.43.51,0
2021-11-18-15.44.50,0
2021-11-18-15.45.49,0
2021-11-18-15.46.48,0
2021-11-18-15.47.47,0
2021-11-18-15.48.46,0
2021-11-18-15.49.45,0
2021-11-18-15.50.44,0
2021-11-18-15.51.43,0
2021-11-18-15.52.42,0
2021-11-18-15.53.41,0
2021-11-18-15.54.40,0
2021-11-18-15.55.39,0
2021-11-18-15.56.38,0
2021-11-18-15.57.37,0
2021-11-18-15.58.37,0
2021-11-18-15.59.36,0
2021-11-18-16.00.35,0
2021-11-18-16.01.34,0
2021-11-18-16.02.33,0
2021-11-18-16.03.32,0
2021-11-18-16.04.31,0
2021-11-18-16.05.30,0
2021-11-18-16.06.29,0
2021-11-18-16.07.28,0
2021-11-18-16.08.27,0
2021-11-18-16.09.26,0
2021-11-18-16.10.25,0
2021-11-18-16.11.24,0
2021-11-18-16.12.23,6
2021-11-18-16.13.23,0
2021-11-18-16.14.22,0
2021-11-18-16.15.21,0
2021-11-18-16.16.21,0
2021-11-18-16.17.20,0
2021-11-18-16.18.19,0
2021-11-18-16.19.18,15
2021-11-18-16.20.18,0
2021-11-18-16.21.17,0
2021-11-18-16.22.16,0
2021-11-18-16.23.15,0
2021-11-18-16.24.14,0
2021-11-18-16.25.13,0
2021-11-18-16.26.12,0
2021-11-18-16.27.11,0
2021-11-18-16.28.10,0
2021-11-18-16.29.09,0
2021-11-18-16.30.08,0
2021-11-18-16.31.07,0
2021-11-18-16.32.06,0
2021-11-18-16.33.05,0
2021-11-18-16.34.04,0
2021-11-18-16.35.03,0
2021-11-18-16.36.02,0
2021-11-18-16.37.01,0
2021-11-18-16.38.00,0
2021-11-18-16.38.59,0
2021-11-18-16.39.58,0
2021-11-18-16.40.57,0
2021-11-18-16.41.56,0
2021-11-18-16.42.55,0
2021-11-18-16.43.54,0
2021-11-18-16.44.53,0
2021-11-18-16.45.52,0
2021-11-18-16.46.51,0
2021-11-18-16.47.50,0
2021-11-18-16.48.49,0
2021-11-18-16.49.49,0
2021-11-18-16.50.48,0
2021-11-18-16.51.47,0
2021-11-18-16.52.46,0
2021-11-18-16.53.45,0
2021-11-18-16.54.44,3
2021-11-18-16.55.44,0
2021-11-18-16.56.43,0
2021-11-18-16.57.42,0
2021-11-18-16.58.41,0
2021-11-18-16.59.40,0
2021-11-18-17.00.39,0
2021-11-18-17.01.38,10
2021-11-18-17.02.38,0
2021-11-18-17.03.37,0
2021-11-18-17.04.36,0
2021-11-18-17.05.35,0
2021-11-18-17.06.34,0
2021-11-18-17.07.33,0
2021-11-18-17.08.32,0
2021-11-18-17.09.31,0
2021-11-18-17.10.30,0
2021-11-18-17.11.29,0
2021-11-18-17.12.28,0
2021-11-18-17.13.27,0
2021-11-18-17.14.26,0
2021-11-18-17.15.25,13
2021-11-18-17.16.25,0
2021-11-18-17.17.24,0
2021-11-18-17.18.23,0
2021-11-18-17.19.22,0
2021-11-18-17.20.21,0
2021-11-18-17.21.20,0
2021-11-18-17.22.19,11
2021-11-18-17.23.19,0
2021-11-18-17.24.19,0
2021-11-18-17.25.18,0
2021-11-18-17.26.17,0
2021-11-18-17.27.16,0
2021-11-18-17.28.15,0
2021-11-18-17.29.14,0
2021-11-18-17.30.13,0
2021-11-18-17.31.12,0
2021-11-18-17.32.11,0
2021-11-18-17.33.10,0
2021-11-18-17.34.09,0
2021-11-18-17.35.08,0
2021-11-18-17.36.07,0
2021-11-18-17.37.06,0
2021-11-18-17.38.05,0
2021-11-18-17.39.04,0
2021-11-18-17.40.03,0
2021-11-18-17.41.02,0
2021-11-18-17.42.01,0
2021-11-18-17.43.00,0
2021-11-18-17.43.59,0
2021-11-18-17.44.58,0
2021-11-18-17.45.57,0
2021-11-18-17.46.56,0
2021-11-18-17.47.55,0
2021-11-18-17.48.54,0
2021-11-18-17.49.53,0
2021-11-18-17.50.52,0
2021-11-18-17.51.51,0
2021-11-18-17.52.50,0
2021-11-18-17.53.49,0
2021-11-18-17.54.48,0
2021-11-18-17.55.47,0
2021-11-18-17.56.46,0
2021-11-18-17.57.46,0
2021-11-18-17.58.45,0
2021-11-18-17.59.44,0
2021-11-18-18.00.43,0
2021-11-18-18.01.42,0
2021-11-18-18.02.41,0
2021-11-18-18.03.40,0
2021-11-18-18.04.39,13
2021-11-18-18.05.39,0
2021-11-18-18.06.38,0
2021-11-18-18.07.37,0
2021-11-18-18.08.36,0
2021-11-18-18.09.35,0
2021-11-18-18.10.34,0
2021-11-18-18.11.33,18
2021-11-18-18.12.33,0
2021-11-18-18.13.32,0
2021-11-18-18.14.31,0
2021-11-18-18.15.30,0
2021-11-18-18.16.29,0
2021-11-18-18.17.28,0
2021-11-18-18.18.27,0
2021-11-18-18.19.26,0
2021-11-18-18.20.25,0
2021-11-18-18.21.24,0
2021-11-18-18.22.23,0
2021-11-18-18.23.22,0
2021-11-18-18.24.21,0
2021-11-18-18.25.20,8
2021-11-18-18.26.20,0
2021-11-18-18.27.19,0
2021-11-18-18.28.18,0
2021-11-18-18.29.17,0
2021-11-18-18.30.16,0
2021-11-18-18.31.15,0
2021-11-18-18.32.15,0
2021-11-18-18.33.14,0
2021-11-18-18.34.13,0
2021-11-18-18.35.12,0
2021-11-18-18.36.11,0
2021-11-18-18.37.10,0
2021-11-18-18.38.09,0
2021-11-18-18.39.08,0
2021-11-18-18.40.07,0
2021-11-18-18.41.06,0
2021-11-18-18.42.05,0
2021-11-18-18.43.04,0
2021-11-18-18.44.03,0
2021-11-18-18.45.02,0
2021-11-18-18.46.01,1
2021-11-18-18.47.01,0
2021-11-18-18.48.00,0
2021-11-18-18.48.59,0
2021-11-18-18.49.58,0
2021-11-18-18.50.57,0
2021-11-18-18.51.56,0
2021-11-18-18.52.55,0
2021-11-18-18.53.54,0
2021-11-18-18.54.53,0
2021-11-18-18.55.52,0
2021-11-18-18.56.51,0
2021-11-18-18.57.50,0
2021-11-18-18.58.49,0
2021-11-18-18.59.48,0
2021-11-18-19.00.47,0
2021-11-18-19.01.46,0
2021-11-18-19.02.45,0
2021-11-18-19.03.44,0
2021-11-18-19.04.43,0
2021-11-18-19.05.43,0
2021-11-18-19.06.42,0
2021-11-18-19.07.41,0
2021-11-18-19.08.40,0
2021-11-18-19.09.39,0
2021-11-18-19.10.38,0
2021-11-18-19.11.37,0
2021-11-18-19.12.36,0
2021-11-18-19.13.35,0
2021-11-18-19.14.34,20
2021-11-18-19.15.34,0
2021-11-18-19.16.33,0
2021-11-18-19.17.32,0
2021-11-18-19.18.31,0
2021-11-18-19.19.30,0
2021-11-18-19.20.29,0
2021-11-18-19.21.28,0
2021-11-18-19.22.27,0
2021-11-18-19.23.26,0
2021-11-18-19.24.25,0
2021-11-18-19.25.24,0
2021-11-18-19.26.23,0
2021-11-18-19.27.22,0
2021-11-18-19.28.21,8
2021-11-18-19.29.21,0
2021-11-18-19.30.20,0
2021-11-18-19.31.19,0
2021-11-18-19.32.18,0
2021-11-18-19.33.17,0
2021-11-18-19.34.16,0
2021-11-18-19.35.15,0
2021-11-18-19.36.14,0
2021-11-18-19.37.13,0
2021-11-18-19.38.12,0
2021-11-18-19.39.12,0
2021-11-18-19.40.11,0
2021-11-18-19.41.10,0
2021-11-18-19.42.09,0
2021-11-18-19.43.08,0
2021-11-18-19.44.07,0
2021-11-18-19.45.06,0
2021-11-18-19.46.05,0
2021-11-18-19.47.04,0
2021-11-18-19.48.03,0
2021-11-18-19.49.02,0
2021-11-18-19.50.01,0
2021-11-18-19.51.00,0
2021-11-18-19.51.59,0
2021-11-18-19.52.58,0
2021-11-18-19.53.57,0
2021-11-18-19.54.56,0
2021-11-18-19.55.55,0
2021-11-18-19.56.54,0
2021-11-18-19.57.53,0
2021-11-18-19.58.52,0
2021-11-18-19.59.51,0
2021-11-18-20.00.50,0
2021-11-18-20.01.49,0
2021-11-18-20.02.48,0
2021-11-18-20.03.47,0
2021-11-18-20.04.46,0
2021-11-18-20.05.45,0
2021-11-18-20.06.44,0
2021-11-18-20.07.43,0
2021-11-18-20.08.42,0
2021-11-18-20.09.41,0
2021-11-18-20.10.40,0
2021-11-18-20.11.40,0
2021-11-18-20.12.39,0
2021-11-18-20.13.38,0
2021-11-18-20.14.37,0
2021-11-18-20.15.36,0
2021-11-18-20.16.35,0
2021-11-18-20.17.34,0
2021-11-18-20.18.33,0
2021-11-18-20.19.32,0
2021-11-18-20.20.31,0
2021-11-18-20.21.30,0
2021-11-18-20.22.29,0
2021-11-18-20.23.28,0
2021-11-18-20.24.27,1
2021-11-18-20.25.27,0
2021-11-18-20.26.26,0
2021-11-18-20.27.25,0
2021-11-18-20.28.24,0
2021-11-18-20.29.23,0
2021-11-18-20.30.22,0
2021-11-18-20.31.21,0
2021-11-18-20.32.20,0
2021-11-18-20.33.19,0
2021-11-18-20.34.18,0
2021-11-18-20.35.17,0
2021-11-18-20.36.16,0
2021-11-18-20.37.15,0
2021-11-18-20.38.14,0
2021-11-18-20.39.13,0
2021-11-18-20.40.12,0
2021-11-18-20.41.11,0
2021-11-18-20.42.10,0
2021-11-18-20.43.09,0
2021-11-18-20.44.09,0
2021-11-18-20.45.08,0
2021-11-18-20.46.07,0
2021-11-18-20.47.06,0
2021-11-18-20.48.05,0
2021-11-18-20.49.04,0
2021-11-18-20.50.03,0
2021-11-18-20.51.02,0
2021-11-18-20.52.01,1
2021-11-18-20.53.01,0
2021-11-18-20.54.00,0
2021-11-18-20.54.59,0
2021-11-18-20.55.58,0
2021-11-18-20.56.57,0
2021-11-18-20.57.56,0
2021-11-18-20.58.55,0
2021-11-18-20.59.54,1
2021-11-18-21.00.54,0
2021-11-18-21.01.53,0
2021-11-18-21.02.52,0
2021-11-18-21.03.51,0
2021-11-18-21.04.50,1
2021-11-18-21.05.50,1
2021-11-18-21.06.50,0
2021-11-18-21.07.49,0
2021-11-18-21.08.48,0
2021-11-18-21.09.47,1
2021-11-18-21.10.47,0
2021-11-18-21.11.46,0
2021-11-18-21.12.45,0
2021-11-18-21.13.44,3
2021-11-18-21.14.44,0
2021-11-18-21.15.43,0
2021-11-18-21.16.43,0
2021-11-18-21.17.42,0
2021-11-18-21.18.41,0
2021-11-18-21.19.40,0
2021-11-18-21.20.39,11
2021-11-18-21.21.39,0
2021-11-18-21.22.38,0
2021-11-18-21.23.37,0
2021-11-18-21.24.36,0
2021-11-18-21.25.35,0
2021-11-18-21.26.34,0
2021-11-18-21.27.33,20
2021-11-18-21.28.33,0
2021-11-18-21.29.32,0
2021-11-18-21.30.31,0
2021-11-18-21.31.30,0
2021-11-18-21.32.29,0
2021-11-18-21.33.28,0
2021-11-18-21.34.27,0
2021-11-18-21.35.26,0
2021-11-18-21.36.25,0
2021-11-18-21.37.24,0
2021-11-18-21.38.23,0
2021-11-18-21.39.22,0
2021-11-18-21.40.21,0
2021-11-18-21.41.20,11
2021-11-18-21.42.20,0
2021-11-18-21.43.19,0
2021-11-18-21.44.18,0
2021-11-18-21.45.18,0
2021-11-18-21.46.17,0
2021-11-18-21.47.16,0
2021-11-18-21.48.15,0
2021-11-18-21.49.14,0
2021-11-18-21.50.13,0
2021-11-18-21.51.12,0
2021-11-18-21.52.11,0
2021-11-18-21.53.10,0
2021-11-18-21.54.09,0
2021-11-18-21.55.08,0
2021-11-18-21.56.07,0
2021-11-18-21.57.06,0
2021-11-18-21.58.05,0
2021-11-18-21.59.04,0
2021-11-18-22.00.03,0
2021-11-18-22.01.02,0
2021-11-18-22.02.01,0
2021-11-18-22.03.00,0
2021-11-18-22.03.59,0
2021-11-18-22.04.58,0
2021-11-18-22.05.57,0
2021-11-18-22.06.56,0
2021-11-18-22.07.55,0
2021-11-18-22.08.54,0
2021-11-18-22.09.53,0
2021-11-18-22.10.53,0
2021-11-18-22.11.52,0
2021-11-18-22.12.51,0
2021-11-18-22.13.50,0
2021-11-18-22.14.49,0
2021-11-18-22.15.48,0
2021-11-18-22.16.47,0
2021-11-18-22.17.46,0
2021-11-18-22.18.45,0
2021-11-18-22.19.44,0
2021-11-18-22.20.43,0
2021-11-18-22.21.42,0
2021-11-18-22.22.41,0
2021-11-18-22.23.40,5
2021-11-18-22.24.40,0
2021-11-18-22.25.39,0
2021-11-18-22.26.38,0
2021-11-18-22.27.37,0
2021-11-18-22.28.36,0
2021-11-18-22.29.35,0
2021-11-18-22.30.34,15
2021-11-18-22.31.34,0
2021-11-18-22.32.33,0
2021-11-18-22.33.32,0
2021-11-18-22.34.31,0
2021-11-18-22.35.30,0
2021-11-18-22.36.29,0
2021-11-18-22.37.28,0
2021-11-18-22.38.27,0
2021-11-18-22.39.26,0
2021-11-18-22.40.25,0
2021-11-18-22.41.24,0
2021-11-18-22.42.24,0
2021-11-18-22.43.23,0
2021-11-18-22.44.22,13
2021-11-18-22.45.22,0
2021-11-18-22.46.21,0
2021-11-18-22.47.20,0
2021-11-18-22.48.19,0
2021-11-18-22.49.18,0
2021-11-18-22.50.17,0
2021-11-18-22.51.16,0
2021-11-18-22.52.15,0
2021-11-18-22.53.14,0
2021-11-18-22.54.13,0
2021-11-18-22.55.12,0
2021-11-18-22.56.11,0
2021-11-18-22.57.10,0
2021-11-18-22.58.09,0
2021-11-18-22.59.08,0
2021-11-18-23.00.07,0
2021-11-18-23.01.06,0
2021-11-18-23.02.05,0
2021-11-18-23.03.04,0
2021-11-18-23.04.03,0
2021-11-18-23.05.02,0
2021-11-18-23.06.01,0
2021-11-18-23.07.00,0
2021-11-18-23.07.59,0
2021-11-18-23.08.58,0
2021-11-18-23.09.57,0
2021-11-18-23.10.56,0
2021-11-18-23.11.55,0
2021-11-18-23.12.54,0
2021-11-18-23.13.53,0
2021-11-18-23.14.52,1
2021-11-18-23.15.52,0
2021-11-18-23.16.52,0
2021-11-18-23.17.51,0
2021-11-18-23.18.50,0
2021-11-18-23.19.49,0
2021-11-18-23.20.48,0
2021-11-18-23.21.47,0
2021-11-18-23.22.46,0
2021-11-18-23.23.45,0
2021-11-18-23.24.44,0
2021-11-18-23.25.43,0
2021-11-18-23.26.42,3
2021-11-18-23.27.42,0
2021-11-18-23.28.41,0
2021-11-18-23.29.40,0
2021-11-18-23.30.39,0
2021-11-18-23.31.38,0
2021-11-18-23.32.37,0
2021-11-18-23.33.36,11
2021-11-18-23.34.36,0
2021-11-18-23.35.35,0
2021-11-18-23.36.34,0
2021-11-18-23.37.33,0
2021-11-18-23.38.32,0
2021-11-18-23.39.31,0
2021-11-18-23.40.30,0
2021-11-18-23.41.29,0
2021-11-18-23.42.28,0
2021-11-18-23.43.27,0
2021-11-18-23.44.26,5
2021-11-18-23.45.26,0
2021-11-18-23.46.25,0
2021-11-18-23.47.24,1
2021-11-18-23.48.24,0
2021-11-18-23.49.23,0
2021-11-18-23.50.22,0
2021-11-18-23.51.22,0
2021-11-18-23.52.21,0
2021-11-18-23.53.20,0
2021-11-18-23.54.19,16
2021-11-18-23.55.19,0
2021-11-18-23.56.18,0
2021-11-18-23.57.17,0
2021-11-18-23.58.16,0
2021-11-18-23.59.15,0
2021-11-19-00.00.14,0
2021-11-19-00.01.13,0
2021-11-19-00.02.12,0
2021-11-19-00.03.11,0
2021-11-19-00.04.10,0
2021-11-19-00.05.09,0
2021-11-19-00.06.08,0
2021-11-19-00.07.07,0
2021-11-19-00.08.06,0
2021-11-19-00.09.05,0
2021-11-19-00.10.04,0
2021-11-19-00.11.03,0
2021-11-19-00.12.02,0
2021-11-19-00.13.01,0
2021-11-19-00.14.00,0
2021-11-19-00.14.59,3
2021-11-19-00.15.59,0
2021-11-19-00.16.58,0
2021-11-19-00.17.57,0
2021-11-19-00.18.56,0
2021-11-19-00.19.55,0
2021-11-19-00.20.54,0
2021-11-19-00.21.53,0
2021-11-19-00.22.52,0
2021-11-19-00.23.51,0
2021-11-19-00.24.51,0
2021-11-19-00.25.50,0
2021-11-19-00.26.49,0
2021-11-19-00.27.48,0
2021-11-19-00.28.47,0
2021-11-19-00.29.46,0
2021-11-19-00.30.45,0
2021-11-19-00.31.44,0
2021-11-19-00.32.43,0
2021-11-19-00.33.42,0
2021-11-19-00.34.41,0
2021-11-19-00.35.40,0
2021-11-19-00.36.39,6
2021-11-19-00.37.39,0
2021-11-19-00.38.38,0
2021-11-19-00.39.37,0
2021-11-19-00.40.36,0
2021-11-19-00.41.35,0
2021-11-19-00.42.34,0
2021-11-19-00.43.33,16
2021-11-19-00.44.33,1
2021-11-19-00.45.33,0
2021-11-19-00.46.32,0
2021-11-19-00.47.31,0
2021-11-19-00.48.30,0
2021-11-19-00.49.29,0
2021-11-19-00.50.28,0
2021-11-19-00.51.27,0
2021-11-19-00.52.26,0
2021-11-19-00.53.25,0
2021-11-19-00.54.24,0
2021-11-19-00.55.23,0
2021-11-19-00.56.22,0
2021-11-19-00.57.21,6
2021-11-19-00.58.22,0
2021-11-19-00.59.21,0
2021-11-19-01.00.20,0
2021-11-19-01.01.19,0
2021-11-19-01.02.18,0
2021-11-19-01.03.17,0
2021-11-19-01.04.16,0
2021-11-19-01.05.15,0
2021-11-19-01.06.14,0
2021-11-19-01.07.13,0
2021-11-19-01.08.12,0
2021-11-19-01.09.11,0
2021-11-19-01.10.10,0
2021-11-19-01.11.09,0
2021-11-19-01.12.08,0
2021-11-19-01.13.07,0
2021-11-19-01.14.06,0
2021-11-19-01.15.05,0
2021-11-19-01.16.04,0
2021-11-19-01.17.03,0
2021-11-19-01.18.02,0
2021-11-19-01.19.01,0
2021-11-19-01.20.00,0
2021-11-19-01.20.59,0
2021-11-19-01.21.58,0
2021-11-19-01.22.57,0
2021-11-19-01.23.56,0
2021-11-19-01.24.55,0
2021-11-19-01.25.54,0
2021-11-19-01.26.53,0
2021-11-19-01.27.52,0
2021-11-19-01.28.51,0
2021-11-19-01.29.50,0
2021-11-19-01.30.50,0
2021-11-19-01.31.49,0
2021-11-19-01.32.48,0
2021-11-19-01.33.47,0
2021-11-19-01.34.46,0
2021-11-19-01.35.45,0
2021-11-19-01.36.44,0
2021-11-19-01.37.43,0
2021-11-19-01.38.42,0
2021-11-19-01.39.41,6
2021-11-19-01.40.41,0
2021-11-19-01.41.40,0
2021-11-19-01.42.39,0
2021-11-19-01.43.38,0
2021-11-19-01.44.37,0
2021-11-19-01.45.36,0
2021-11-19-01.46.35,0
2021-11-19-01.47.34,0
2021-11-19-01.48.33,0
2021-11-19-01.49.32,0
2021-11-19-01.50.31,0
2021-11-19-01.51.30,0
2021-11-19-01.52.29,0
2021-11-19-01.53.28,0
2021-11-19-01.54.27,0
2021-11-19-01.55.26,0
2021-11-19-01.56.25,0
2021-11-19-01.57.24,0
2021-11-19-01.58.23,0
2021-11-19-01.59.22,0
2021-11-19-02.00.21,8
2021-11-19-02.01.21,0
2021-11-19-02.02.20,0
2021-11-19-02.03.19,0
2021-11-19-02.04.19,0
2021-11-19-02.05.18,0
2021-11-19-02.06.17,0
2021-11-19-02.07.16,0
2021-11-19-02.08.15,0
2021-11-19-02.09.14,0
2021-11-19-02.10.13,0
2021-11-19-02.11.12,0
2021-11-19-02.12.11,0
2021-11-19-02.13.10,0
2021-11-19-02.14.09,0
2021-11-19-02.15.08,0
2021-11-19-02.16.07,0
2021-11-19-02.17.06,0
2021-11-19-02.18.05,0
2021-11-19-02.19.04,0
2021-11-19-02.20.03,0
2021-11-19-02.21.02,0
2021-11-19-02.22.01,0
2021-11-19-02.23.00,0
2021-11-19-02.23.59,0
2021-11-19-02.24.58,0
2021-11-19-02.25.57,0
2021-11-19-02.26.56,0
2021-11-19-02.27.55,0
2021-11-19-02.28.54,0
2021-11-19-02.29.53,0
2021-11-19-02.30.52,0
2021-11-19-02.31.51,0
2021-11-19-02.32.50,0
2021-11-19-02.33.49,0
2021-11-19-02.34.48,0
2021-11-19-02.35.47,0
2021-11-19-02.36.47,0
2021-11-19-02.37.46,0
2021-11-19-02.38.45,0
2021-11-19-02.39.44,0
2021-11-19-02.40.43,0
2021-11-19-02.41.42,0
2021-11-19-02.42.41,5
2021-11-19-02.43.41,0
2021-11-19-02.44.40,0
2021-11-19-02.45.39,0
2021-11-19-02.46.38,0
2021-11-19-02.47.37,0
2021-11-19-02.48.36,0
2021-11-19-02.49.35,13
2021-11-19-02.50.35,0
2021-11-19-02.51.34,0
2021-11-19-02.52.33,0
2021-11-19-02.53.32,0
2021-11-19-02.54.32,0
2021-11-19-02.55.31,0
2021-11-19-02.56.30,1
2021-11-19-02.57.30,0
2021-11-19-02.58.29,0
2021-11-19-02.59.28,0
2021-11-19-03.00.27,0
2021-11-19-03.01.26,0
2021-11-19-03.02.25,0
2021-11-19-03.03.24,6
2021-11-19-03.04.24,0
2021-11-19-03.05.23,0
2021-11-19-03.06.22,0
2021-11-19-03.07.21,0
2021-11-19-03.08.20,0
2021-11-19-03.09.19,0
2021-11-19-03.10.18,1
2021-11-19-03.11.18,0
2021-11-19-03.12.17,0
2021-11-19-03.13.16,0
2021-11-19-03.14.15,1
2021-11-19-03.15.15,0
2021-11-19-03.16.14,0
2021-11-19-03.17.13,0
2021-11-19-03.18.12,0
2021-11-19-03.19.11,0
2021-11-19-03.20.10,0
2021-11-19-03.21.09,0
2021-11-19-03.22.09,0
2021-11-19-03.23.08,0
2021-11-19-03.24.07,0
2021-11-19-03.25.06,0
2021-11-19-03.26.05,0
2021-11-19-03.27.04,0
2021-11-19-03.28.03,0
2021-11-19-03.29.02,0
2021-11-19-03.30.01,0
2021-11-19-03.31.00,0
2021-11-19-03.31.59,0
2021-11-19-03.32.58,0
2021-11-19-03.33.57,0
2021-11-19-03.34.56,0
2021-11-19-03.35.55,0
2021-11-19-03.36.54,0
2021-11-19-03.37.53,0
2021-11-19-03.38.52,0
2021-11-19-03.39.51,0
2021-11-19-03.40.50,0
2021-11-19-03.41.49,0
2021-11-19-03.42.48,0
2021-11-19-03.43.47,0
2021-11-19-03.44.46,1
2021-11-19-03.45.46,6
2021-11-19-03.46.46,0
2021-11-19-03.47.45,0
2021-11-19-03.48.44,0
2021-11-19-03.49.43,0
2021-11-19-03.50.42,0
2021-11-19-03.51.41,0
2021-11-19-03.52.40,5
2021-11-19-03.53.40,0
2021-11-19-03.54.39,0
2021-11-19-03.55.39,0
2021-11-19-03.56.38,0
2021-11-19-03.57.37,0
2021-11-19-03.58.36,0
2021-11-19-03.59.35,15
2021-11-19-04.00.35,0
2021-11-19-04.01.34,0
2021-11-19-04.02.33,0
2021-11-19-04.03.32,0
2021-11-19-04.04.31,0
2021-11-19-04.05.30,0
2021-11-19-04.06.29,0
2021-11-19-04.07.28,0
2021-11-19-04.08.27,0
2021-11-19-04.09.26,0
2021-11-19-04.10.25,0
2021-11-19-04.11.24,0
2021-11-19-04.12.23,0
2021-11-19-04.13.22,0
2021-11-19-04.14.21,0
2021-11-19-04.15.21,0
2021-11-19-04.16.20,0
2021-11-19-04.17.19,0
2021-11-19-04.18.18,0
2021-11-19-04.19.17,0
2021-11-19-04.20.16,0
2021-11-19-04.21.15,0
2021-11-19-04.22.14,0
2021-11-19-04.23.13,0
2021-11-19-04.24.12,0
2021-11-19-04.25.11,0
2021-11-19-04.26.10,0
2021-11-19-04.27.09,0
2021-11-19-04.28.08,0
2021-11-19-04.29.07,0
2021-11-19-04.30.06,0
2021-11-19-04.31.05,0
2021-11-19-04.32.04,0
2021-11-19-04.33.03,0
2021-11-19-04.34.02,0
2021-11-19-04.35.01,0
2021-11-19-04.36.00,0
2021-11-19-04.36.59,0
2021-11-19-04.37.58,0
2021-11-19-04.38.57,0
2021-11-19-04.39.56,0
2021-11-19-04.40.55,0
2021-11-19-04.41.54,10
2021-11-19-04.42.54,0
2021-11-19-04.43.53,0
2021-11-19-04.44.52,1
2021-11-19-04.45.52,0
2021-11-19-04.46.51,0
2021-11-19-04.47.51,0
2021-11-19-04.48.50,5
2021-11-19-04.49.50,0
2021-11-19-04.50.49,0
2021-11-19-04.51.48,0
2021-11-19-04.52.47,0
2021-11-19-04.53.46,0
2021-11-19-04.54.45,0
2021-11-19-04.55.44,1
2021-11-19-04.56.44,0
2021-11-19-04.57.43,0
2021-11-19-04.58.42,0
2021-11-19-04.59.41,0
2021-11-19-05.00.40,0
2021-11-19-05.01.39,0
2021-11-19-05.02.38,11
2021-11-19-05.03.38,0
2021-11-19-05.04.37,0
2021-11-19-05.05.36,0
2021-11-19-05.06.35,0
2021-11-19-05.07.34,0
2021-11-19-05.08.33,0
2021-11-19-05.09.32,18
2021-11-19-05.10.32,0
2021-11-19-05.11.31,0
2021-11-19-05.12.30,0
2021-11-19-05.13.29,0
2021-11-19-05.14.28,0
2021-11-19-05.15.27,0
2021-11-19-05.16.26,1
2021-11-19-05.17.26,0
2021-11-19-05.18.25,0
2021-11-19-05.19.24,0
2021-11-19-05.20.23,0
2021-11-19-05.21.22,0
2021-11-19-05.22.22,0
2021-11-19-05.23.21,13
2021-11-19-05.24.21,0
2021-11-19-05.25.20,0
2021-11-19-05.26.19,0
2021-11-19-05.27.18,0
2021-11-19-05.28.17,0
2021-11-19-05.29.16,0
2021-11-19-05.30.15,0
2021-11-19-05.31.14,0
2021-11-19-05.32.13,0
2021-11-19-05.33.12,0
2021-11-19-05.34.11,0
2021-11-19-05.35.10,0
2021-11-19-05.36.09,0
2021-11-19-05.37.08,0
2021-11-19-05.38.07,0
2021-11-19-05.39.06,0
2021-11-19-05.40.05,0
2021-11-19-05.41.04,0
2021-11-19-05.42.03,0
2021-11-19-05.43.02,0
2021-11-19-05.44.01,1
2021-11-19-05.45.01,1
2021-11-19-05.46.01,0
2021-11-19-05.47.00,0
2021-11-19-05.47.59,0
2021-11-19-05.48.58,0
2021-11-19-05.49.57,0
2021-11-19-05.50.56,0
2021-11-19-05.51.55,0
2021-11-19-05.52.54,0
2021-11-19-05.53.53,0
2021-11-19-05.54.52,0
2021-11-19-05.55.52,0
2021-11-19-05.56.51,0
2021-11-19-05.57.50,0
2021-11-19-05.58.49,0
2021-11-19-05.59.48,0
2021-11-19-06.00.47,0
2021-11-19-06.01.46,0
2021-11-19-06.02.45,0
2021-11-19-06.03.44,0
2021-11-19-06.04.43,0
2021-11-19-06.05.42,5
2021-11-19-06.06.42,0
2021-11-19-06.07.41,0
2021-11-19-06.08.40,0
2021-11-19-06.09.39,0
2021-11-19-06.10.38,0
2021-11-19-06.11.37,0
2021-11-19-06.12.36,11
2021-11-19-06.13.36,0
2021-11-19-06.14.35,0
2021-11-19-06.15.34,0
2021-11-19-06.16.33,1
2021-11-19-06.17.33,0
2021-11-19-06.18.32,0
2021-11-19-06.19.31,0
2021-11-19-06.20.30,0
2021-11-19-06.21.29,0
2021-11-19-06.22.28,0
2021-11-19-06.23.27,0
2021-11-19-06.24.26,0
2021-11-19-06.25.25,0
2021-11-19-06.26.24,1
2021-11-19-06.27.24,0
2021-11-19-06.28.23,0
2021-11-19-06.29.22,0
2021-11-19-06.30.22,0
2021-11-19-06.31.21,0
2021-11-19-06.32.20,0
2021-11-19-06.33.19,10
2021-11-19-06.34.19,0
2021-11-19-06.35.18,0
2021-11-19-06.36.17,0
2021-11-19-06.37.16,0
2021-11-19-06.38.15,0
2021-11-19-06.39.14,0
2021-11-19-06.40.13,0
2021-11-19-06.41.12,0
2021-11-19-06.42.11,0
2021-11-19-06.43.10,0
2021-11-19-06.44.09,0
2021-11-19-06.45.08,0
2021-11-19-06.46.07,0
2021-11-19-06.47.06,0
2021-11-19-06.48.05,0
2021-11-19-06.49.04,0
2021-11-19-06.50.03,0
2021-11-19-06.51.02,0
2021-11-19-06.52.01,0
2021-11-19-06.53.00,1
2021-11-19-06.54.00,0
2021-11-19-06.54.59,0
2021-11-19-06.55.58,0
2021-11-19-06.56.57,0
2021-11-19-06.57.56,0
2021-11-19-06.58.55,0
2021-11-19-06.59.54,0
2021-11-19-07.00.53,0
2021-11-19-07.01.52,0
2021-11-19-07.02.52,0
2021-11-19-07.03.51,0
2021-11-19-07.04.50,0
2021-11-19-07.05.49,0
2021-11-19-07.06.48,1
2021-11-19-07.07.48,1
2021-11-19-07.08.48,0
2021-11-19-07.09.47,6
2021-11-19-07.10.47,1
2021-11-19-07.11.47,0
2021-11-19-07.12.46,0
2021-11-19-07.13.45,0
2021-11-19-07.14.44,1
2021-11-19-07.15.44,8
2021-11-19-07.16.44,0
2021-11-19-07.17.43,0
2021-11-19-07.18.42,0
2021-11-19-07.19.41,0
2021-11-19-07.20.40,0
2021-11-19-07.21.39,0
2021-11-19-07.22.38,8
2021-11-19-07.23.38,0
2021-11-19-07.24.37,0
2021-11-19-07.25.36,0
2021-11-19-07.26.35,0
2021-11-19-07.27.34,0
2021-11-19-07.28.33,0
2021-11-19-07.29.32,18
2021-11-19-07.30.32,0
2021-11-19-07.31.31,0
2021-11-19-07.32.30,0
2021-11-19-07.33.29,0
2021-11-19-07.34.28,0
2021-11-19-07.35.27,0
2021-11-19-07.36.26,0
2021-11-19-07.37.25,0
2021-11-19-07.38.25,0
2021-11-19-07.39.24,0
2021-11-19-07.40.23,0
2021-11-19-07.41.22,0
2021-11-19-07.42.21,0
2021-11-19-07.43.20,11
2021-11-19-07.44.20,0
2021-11-19-07.45.19,0
2021-11-19-07.46.18,0
2021-11-19-07.47.17,0
2021-11-19-07.48.16,0
2021-11-19-07.49.15,0
2021-11-19-07.50.14,0
2021-11-19-07.51.13,0
2021-11-19-07.52.12,0
2021-11-19-07.53.11,0
2021-11-19-07.54.11,0
2021-11-19-07.55.10,0
2021-11-19-07.56.09,0
2021-11-19-07.57.08,0
2021-11-19-07.58.07,0
2021-11-19-07.59.06,0
2021-11-19-08.00.05,0
2021-11-19-08.01.04,0
2021-11-19-08.02.03,0
2021-11-19-08.03.02,0
2021-11-19-08.04.01,1
2021-11-19-08.05.01,0
2021-11-19-08.06.00,0
2021-11-19-08.06.59,0
2021-11-19-08.07.58,0
2021-11-19-08.08.57,0
2021-11-19-08.09.56,0
2021-11-19-08.10.55,0
2021-11-19-08.11.54,0
2021-11-19-08.12.53,0
2021-11-19-08.13.52,0
2021-11-19-08.14.51,0
2021-11-19-08.15.50,0
2021-11-19-08.16.49,0
2021-11-19-08.17.48,0
2021-11-19-08.18.47,0
2021-11-19-08.19.46,0
2021-11-19-08.20.45,0
2021-11-19-08.21.44,0
2021-11-19-08.22.43,0
2021-11-19-08.23.42,0
2021-11-19-08.24.41,0
2021-11-19-08.25.40,8
2021-11-19-08.26.40,0
2021-11-19-08.27.40,0
2021-11-19-08.28.39,0
2021-11-19-08.29.38,0
2021-11-19-08.30.37,0
2021-11-19-08.31.36,0
2021-11-19-08.32.35,18
2021-11-19-08.33.35,0
2021-11-19-08.34.34,0
2021-11-19-08.35.33,0
2021-11-19-08.36.32,0
2021-11-19-08.37.31,0
2021-11-19-08.38.30,0
2021-11-19-08.39.29,0
2021-11-19-08.40.28,0
2021-11-19-08.41.27,0
2021-11-19-08.42.26,0
2021-11-19-08.43.25,0
2021-11-19-08.44.24,0
2021-11-19-08.45.23,0
2021-11-19-08.46.22,0
2021-11-19-08.47.21,0
2021-11-19-08.48.20,0
2021-11-19-08.49.19,0
2021-11-19-08.50.18,0
2021-11-19-08.51.17,0
2021-11-19-08.52.16,0
2021-11-19-08.53.15,0
2021-11-19-08.54.14,0
2021-11-19-08.55.13,0
2021-11-19-08.56.12,0
2021-11-19-08.57.11,0
2021-11-19-08.58.10,0
2021-11-19-08.59.09,0
2021-11-19-09.00.08,0
2021-11-19-09.01.08,0
2021-11-19-09.02.07,0
2021-11-19-09.03.06,0
2021-11-19-09.04.05,0
2021-11-19-09.05.04,0
2021-11-19-09.06.03,0
2021-11-19-09.07.02,0
2021-11-19-09.08.01,0
2021-11-19-09.09.00,0
2021-11-19-09.09.59,0
2021-11-19-09.10.58,0
2021-11-19-09.11.57,0
2021-11-19-09.12.56,0
2021-11-19-09.13.55,0
2021-11-19-09.14.54,0
2021-11-19-09.15.53,0
2021-11-19-09.16.52,0
2021-11-19-09.17.51,0
2021-11-19-09.18.50,1
2021-11-19-09.19.50,0
2021-11-19-09.20.49,0
2021-11-19-09.21.48,0
2021-11-19-09.22.47,0
2021-11-19-09.23.46,0
2021-11-19-09.24.45,0
2021-11-19-09.25.44,0
2021-11-19-09.26.43,0
2021-11-19-09.27.42,0
2021-11-19-09.28.41,3
2021-11-19-09.29.41,0
2021-11-19-09.30.40,0
2021-11-19-09.31.39,0
2021-11-19-09.32.39,0
2021-11-19-09.33.38,0
2021-11-19-09.34.37,0
2021-11-19-09.35.36,16
2021-11-19-09.36.36,0
2021-11-19-09.37.35,0
2021-11-19-09.38.34,0
2021-11-19-09.39.33,0
2021-11-19-09.40.32,1
2021-11-19-09.41.32,0
2021-11-19-09.42.31,0
2021-11-19-09.43.30,0
2021-11-19-09.44.29,0
2021-11-19-09.45.28,0
2021-11-19-09.46.27,0
2021-11-19-09.47.26,0
2021-11-19-09.48.25,0
2021-11-19-09.49.24,3
2021-11-19-09.50.24,0
2021-11-19-09.51.23,1
2021-11-19-09.52.23,0
2021-11-19-09.53.22,1
2021-11-19-09.54.22,0
2021-11-19-09.55.21,0
2021-11-19-09.56.20,11
2021-11-19-09.57.20,0
2021-11-19-09.58.19,0
2021-11-19-09.59.18,0
2021-11-19-10.00.17,0
2021-11-19-10.01.16,0
2021-11-19-10.02.15,0
2021-11-19-10.03.15,0
2021-11-19-10.04.14,0
2021-11-19-10.05.13,0
2021-11-19-10.06.12,0
2021-11-19-10.07.11,0
2021-11-19-10.08.10,0
2021-11-19-10.09.09,0
2021-11-19-10.10.08,0
2021-11-19-10.11.07,0
2021-11-19-10.12.06,0
2021-11-19-10.13.05,0
2021-11-19-10.14.04,0
2021-11-19-10.15.03,0
2021-11-19-10.16.02,0
2021-11-19-10.17.01,0
2021-11-19-10.18.00,0
2021-11-19-10.18.59,0
2021-11-19-10.19.58,0
2021-11-19-10.20.57,0
2021-11-19-10.21.56,0
2021-11-19-10.22.55,0
2021-11-19-10.23.54,0
2021-11-19-10.24.53,0
2021-11-19-10.25.52,0
2021-11-19-10.26.51,0
2021-11-19-10.27.50,0
2021-11-19-10.28.49,0
2021-11-19-10.29.48,0
2021-11-19-10.30.47,0
2021-11-19-10.31.46,0
2021-11-19-10.32.45,0
2021-11-19-10.33.44,0
2021-11-19-10.34.44,0
2021-11-19-10.35.43,0
2021-11-19-10.36.42,0
2021-11-19-10.37.41,0
2021-11-19-10.38.40,11
2021-11-19-10.39.40,0
2021-11-19-10.40.39,0
2021-11-19-10.41.38,0
2021-11-19-10.42.37,0
2021-11-19-10.43.36,0
2021-11-19-10.44.35,0
2021-11-19-10.45.34,1
2021-11-19-10.46.34,0
2021-11-19-10.47.33,0
2021-11-19-10.48.32,0
2021-11-19-10.49.31,0
2021-11-19-10.50.30,0
2021-11-19-10.51.29,0
2021-11-19-10.52.28,0
2021-11-19-10.53.27,0
2021-11-19-10.54.26,0
2021-11-19-10.55.25,0
2021-11-19-10.56.24,0
2021-11-19-10.57.23,0
2021-11-19-10.58.22,0
2021-11-19-10.59.21,10
2021-11-19-11.00.21,0
2021-11-19-11.01.20,0
2021-11-19-11.02.19,0
2021-11-19-11.03.18,0
2021-11-19-11.04.17,0
2021-11-19-11.05.16,0
2021-11-19-11.06.15,0
2021-11-19-11.07.14,0
2021-11-19-11.08.13,0
2021-11-19-11.09.13,0
2021-11-19-11.10.12,0
2021-11-19-11.11.11,0
2021-11-19-11.12.10,0
2021-11-19-11.13.09,0
2021-11-19-11.14.08,0
2021-11-19-11.15.07,0
2021-11-19-11.16.06,0
2021-11-19-11.17.05,0
2021-11-19-11.18.04,0
2021-11-19-11.19.03,0
2021-11-19-11.20.02,0
2021-11-19-11.21.01,0
2021-11-19-11.22.00,0
2021-11-19-11.22.59,0
2021-11-19-11.23.58,0
2021-11-19-11.24.57,0
2021-11-19-11.25.56,0
2021-11-19-11.26.55,0
2021-11-19-11.27.54,0
2021-11-19-11.28.53,0
2021-11-19-11.29.52,0
2021-11-19-11.30.51,0
2021-11-19-11.31.50,0
2021-11-19-11.32.49,0
2021-11-19-11.33.48,0
2021-11-19-11.34.47,0
2021-11-19-11.35.46,0
2021-11-19-11.36.45,0
2021-11-19-11.37.44,0
2021-11-19-11.38.43,0
2021-11-19-11.39.42,0
2021-11-19-11.40.42,0
2021-11-19-11.41.41,8
2021-11-19-11.42.41,0
2021-11-19-11.43.40,0
2021-11-19-11.44.39,0
2021-11-19-11.45.38,0
2021-11-19-11.46.37,0
2021-11-19-11.47.36,0
2021-11-19-11.48.35,16
2021-11-19-11.49.35,0
2021-11-19-11.50.34,0
2021-11-19-11.51.33,0
2021-11-19-11.52.32,0
2021-11-19-11.53.31,0
2021-11-19-11.54.30,0
2021-11-19-11.55.29,0
2021-11-19-11.56.28,0
2021-11-19-11.57.27,0
2021-11-19-11.58.26,0
2021-11-19-11.59.25,0
2021-11-19-12.00.24,0
2021-11-19-12.01.23,0
2021-11-19-12.02.22,0
2021-11-19-12.03.21,0
2021-11-19-12.04.20,0
2021-11-19-12.05.19,0
2021-11-19-12.06.18,0
2021-11-19-12.07.17,0
2021-11-19-12.08.16,0
2021-11-19-12.09.15,0
2021-11-19-12.10.14,0
2021-11-19-12.11.13,0
2021-11-19-12.12.12,0
2021-11-19-12.13.11,0
2021-11-19-12.14.11,0
2021-11-19-12.15.10,0
2021-11-19-12.16.09,0
2021-11-19-12.17.08,0
2021-11-19-12.18.07,0
2021-11-19-12.19.06,0
2021-11-19-12.20.05,0
2021-11-19-12.21.04,0
2021-11-19-12.22.03,0
2021-11-19-12.23.02,0
2021-11-19-12.24.01,0
2021-11-19-12.25.00,0
2021-11-19-12.25.59,0
2021-11-19-12.26.58,0
2021-11-19-12.27.57,0
2021-11-19-12.28.56,0
2021-11-19-12.29.55,0
2021-11-19-12.30.54,0
2021-11-19-12.31.53,0
2021-11-19-12.32.52,0
2021-11-19-12.33.51,0
2021-11-19-12.34.50,0
2021-11-19-12.35.49,0
2021-11-19-12.36.48,0
2021-11-19-12.37.47,0
2021-11-19-12.38.46,0
2021-11-19-12.39.45,0
2021-11-19-12.40.44,0
2021-11-19-12.41.43,0
2021-11-19-12.42.42,0
2021-11-19-12.43.41,0
2021-11-19-12.44.40,8
2021-11-19-12.45.41,0
2021-11-19-12.46.40,0
2021-11-19-12.47.39,0
2021-11-19-12.48.38,0
2021-11-19-12.49.37,0
2021-11-19-12.50.36,0
2021-11-19-12.51.35,13
2021-11-19-12.52.35,0
2021-11-19-12.53.34,0
2021-11-19-12.54.33,0
2021-11-19-12.55.32,0
2021-11-19-12.56.31,0
2021-11-19-12.57.30,0
2021-11-19-12.58.29,0
2021-11-19-12.59.28,0
2021-11-19-13.00.27,0
2021-11-19-13.01.26,1
2021-11-19-13.02.26,0
2021-11-19-13.03.25,0
2021-11-19-13.04.24,0
2021-11-19-13.05.23,0
2021-11-19-13.06.22,0
2021-11-19-13.07.21,0
2021-11-19-13.08.20,0
2021-11-19-13.09.19,0
2021-11-19-13.10.18,0
2021-11-19-13.11.17,0
2021-11-19-13.12.16,15
2021-11-19-13.13.16,0
2021-11-19-13.14.15,0
2021-11-19-13.15.15,0
2021-11-19-13.16.14,0
2021-11-19-13.17.13,0
2021-11-19-13.18.12,0
2021-11-19-13.19.11,0
2021-11-19-13.20.10,0
2021-11-19-13.21.09,0
2021-11-19-13.22.08,0
2021-11-19-13.23.07,0
2021-11-19-13.24.06,0
2021-11-19-13.25.05,0
2021-11-19-13.26.04,0
2021-11-19-13.27.03,0
2021-11-19-13.28.02,0
2021-11-19-13.29.01,0
2021-11-19-13.30.00,0
2021-11-19-13.30.59,0
2021-11-19-13.31.58,0
2021-11-19-13.32.57,0
2021-11-19-13.33.56,0
2021-11-19-13.34.55,0
2021-11-19-13.35.54,0
2021-11-19-13.36.53,0
2021-11-19-13.37.52,0
2021-11-19-13.38.51,0
2021-11-19-13.39.51,0
2021-11-19-13.40.50,0
2021-11-19-13.41.49,0
2021-11-19-13.42.48,0
2021-11-19-13.43.47,0
2021-11-19-13.44.46,0
2021-11-19-13.45.45,0
2021-11-19-13.46.44,0
2021-11-19-13.47.43,6
2021-11-19-13.48.43,1
2021-11-19-13.49.43,0
2021-11-19-13.50.42,0
2021-11-19-13.51.41,1
2021-11-19-13.52.41,0
2021-11-19-13.53.40,0
2021-11-19-13.54.39,10
2021-11-19-13.55.39,0
2021-11-19-13.56.38,0
2021-11-19-13.57.37,0
2021-11-19-13.58.36,0
2021-11-19-13.59.35,0
2021-11-19-14.00.34,0
2021-11-19-14.01.33,0
2021-11-19-14.02.32,0
2021-11-19-14.03.31,0
2021-11-19-14.04.30,0
2021-11-19-14.05.29,0
2021-11-19-14.06.28,0
2021-11-19-14.07.27,0
2021-11-19-14.08.26,1
2021-11-19-14.09.26,0
2021-11-19-14.10.25,0
2021-11-19-14.11.24,0
2021-11-19-14.12.23,0
2021-11-19-14.13.23,0
2021-11-19-14.14.22,0
2021-11-19-14.15.21,0
2021-11-19-14.16.20,0
2021-11-19-14.17.19,0
2021-11-19-14.18.18,0
2021-11-19-14.19.17,0
2021-11-19-14.20.16,0
2021-11-19-14.21.15,0
2021-11-19-14.22.14,1
2021-11-19-14.23.14,86
2021-11-19-14.24.14,100
2021-11-19-14.25.23,50
2021-11-19-14.26.23,0
2021-11-19-14.27.22,0
2021-11-19-14.28.21,0
2021-11-19-14.29.20,8
2021-11-19-14.30.20,1
2021-11-19-14.31.20,0
2021-11-19-14.32.19,0
2021-11-19-14.33.19,0
2021-11-19-14.34.18,0
2021-11-19-14.35.17,0
2021-11-19-14.36.16,0
2021-11-19-14.37.15,0
2021-11-19-14.38.14,0
2021-11-19-14.39.13,0
2021-11-19-14.40.12,0
2021-11-19-14.41.11,0
2021-11-19-14.42.10,0
2021-11-19-14.43.09,0
2021-11-19-14.44.08,0
2021-11-19-14.45.07,0
2021-11-19-14.46.06,0
2021-11-19-14.47.05,0
2021-11-19-14.48.04,0
2021-11-19-14.49.03,0
2021-11-19-14.50.02,0
2021-11-19-14.51.01,0
2021-11-19-14.52.00,0
2021-11-19-14.52.59,0
2021-11-19-14.53.58,0
2021-11-19-14.54.57,0
2021-11-19-14.55.56,0
2021-11-19-14.56.55,0
2021-11-19-14.57.54,0
2021-11-19-14.58.53,0
2021-11-19-14.59.52,0
2021-11-19-15.00.51,0
2021-11-19-15.01.50,0
2021-11-19-15.02.49,0
2021-11-19-15.03.48,0
2021-11-19-15.04.47,0
2021-11-19-15.05.46,0
2021-11-19-15.06.46,5
2021-11-19-15.07.46,100
2021-11-19-15.08.55,100
2021-11-19-15.10.04,100
2021-11-19-15.11.13,70
2021-11-19-15.12.13,0
2021-11-19-15.13.12,0
2021-11-19-15.14.11,0
2021-11-19-15.15.10,0
2021-11-19-15.16.09,0
2021-11-19-15.17.08,0
2021-11-19-15.18.07,0
2021-11-19-15.19.06,0
2021-11-19-15.20.05,0
2021-11-19-15.21.04,0
2021-11-19-15.22.03,0
2021-11-19-15.23.02,0
2021-11-19-15.24.01,0
2021-11-19-15.25.00,0
2021-11-19-15.25.59,0
2021-11-19-15.26.58,0
2021-11-19-15.27.57,0
2021-11-19-15.28.56,0
2021-11-19-15.29.55,0
2021-11-19-15.30.54,0
2021-11-19-15.31.53,0
2021-11-19-15.32.52,0
2021-11-19-15.33.51,0
2021-11-19-15.34.50,0
2021-11-19-15.35.49,0
2021-11-19-15.36.48,0
2021-11-19-15.37.47,0
2021-11-19-15.38.46,0
2021-11-19-15.39.45,0
2021-11-19-15.40.45,1
2021-11-19-15.41.45,0
2021-11-19-15.42.44,0
2021-11-19-15.43.43,0
2021-11-19-15.44.42,0
2021-11-19-15.45.41,0
2021-11-19-15.46.40,5
2021-11-19-15.47.40,0
2021-11-19-15.48.39,0
2021-11-19-15.49.38,0
2021-11-19-15.50.37,0
2021-11-19-15.51.36,0
2021-11-19-15.52.35,0
2021-11-19-15.53.34,15
2021-11-19-15.54.34,0
2021-11-19-15.55.33,0
2021-11-19-15.56.32,0
2021-11-19-15.57.31,0
2021-11-19-15.58.30,0
2021-11-19-15.59.29,0
2021-11-19-16.00.28,0
2021-11-19-16.01.27,0
2021-11-19-16.02.26,0
2021-11-19-16.03.25,0
2021-11-19-16.04.24,0
2021-11-19-16.05.23,3
2021-11-19-16.06.23,91
2021-11-19-16.07.23,100
2021-11-19-16.08.32,41
2021-11-19-16.09.32,0
2021-11-19-16.10.31,1
2021-11-19-16.11.31,0
2021-11-19-16.12.30,0
2021-11-19-16.13.29,0
2021-11-19-16.14.28,0
2021-11-19-16.15.27,0
2021-11-19-16.16.27,0
2021-11-19-16.17.26,0
2021-11-19-16.18.25,0
2021-11-19-16.19.24,0
2021-11-19-16.20.23,0
2021-11-19-16.21.22,11
2021-11-19-16.22.22,0
2021-11-19-16.23.21,0
2021-11-19-16.24.20,0
2021-11-19-16.25.19,0
2021-11-19-16.26.18,0
2021-11-19-16.27.17,0
2021-11-19-16.28.16,0
2021-11-19-16.29.15,0
2021-11-19-16.30.14,0
2021-11-19-16.31.13,0
2021-11-19-16.32.12,0
2021-11-19-16.33.11,1
2021-11-19-16.34.11,0
2021-11-19-16.35.10,0
2021-11-19-16.36.09,0
2021-11-19-16.37.08,0
2021-11-19-16.38.07,0
2021-11-19-16.39.06,0
2021-11-19-16.40.05,0
2021-11-19-16.41.04,0
2021-11-19-16.42.03,0
2021-11-19-16.43.02,0
2021-11-19-16.44.01,0
2021-11-19-16.45.00,0
2021-11-19-16.45.59,0
2021-11-19-16.46.58,0
2021-11-19-16.47.58,0
2021-11-19-16.48.57,0
2021-11-19-16.49.56,0
2021-11-19-16.50.55,0
2021-11-19-16.51.54,0
2021-11-19-16.52.53,0
2021-11-19-16.53.52,0
2021-11-19-16.54.51,0
2021-11-19-16.55.50,0
2021-11-19-16.56.49,10
2021-11-19-16.57.49,0
2021-11-19-16.58.48,0
2021-11-19-16.59.47,0
2021-11-19-17.00.46,0
2021-11-19-17.01.45,0
2021-11-19-17.02.44,0
2021-11-19-17.03.43,1
2021-11-19-17.04.43,0
2021-11-19-17.05.42,0
2021-11-19-17.06.41,0
2021-11-19-17.07.40,0
2021-11-19-17.08.39,0
2021-11-19-17.09.38,0
2021-11-19-17.10.37,11
2021-11-19-17.11.37,0
2021-11-19-17.12.36,0
2021-11-19-17.13.35,0
2021-11-19-17.14.34,0
2021-11-19-17.15.33,0
2021-11-19-17.16.32,0
2021-11-19-17.17.31,0
2021-11-19-17.18.30,0
2021-11-19-17.19.29,0
2021-11-19-17.20.28,0
2021-11-19-17.21.27,0
2021-11-19-17.22.27,0
2021-11-19-17.23.26,0
2021-11-19-17.24.25,3
2021-11-19-17.25.25,0
2021-11-19-17.26.24,0
2021-11-19-17.27.23,0
2021-11-19-17.28.22,0
2021-11-19-17.29.21,0
2021-11-19-17.30.20,0
2021-11-19-17.31.19,13
2021-11-19-17.32.19,0
2021-11-19-17.33.18,0
2021-11-19-17.34.17,0
2021-11-19-17.35.16,0
2021-11-19-17.36.15,0
2021-11-19-17.37.14,0
2021-11-19-17.38.13,0
2021-11-19-17.39.12,0
2021-11-19-17.40.11,0
2021-11-19-17.41.10,0
2021-11-19-17.42.09,0
2021-11-19-17.43.08,0
2021-11-19-17.44.07,0
2021-11-19-17.45.06,0
2021-11-19-17.46.05,0
2021-11-19-17.47.04,0
2021-11-19-17.48.03,0
2021-11-19-17.49.02,0
2021-11-19-17.50.01,0
2021-11-19-17.51.00,0
2021-11-19-17.51.59,0
2021-11-19-17.52.58,0
2021-11-19-17.53.57,0
2021-11-19-17.54.56,0
2021-11-19-17.55.56,0
2021-11-19-17.56.55,0
2021-11-19-17.57.54,0
2021-11-19-17.58.53,0
2021-11-19-17.59.52,1
2021-11-19-18.00.52,0
2021-11-19-18.01.51,0
2021-11-19-18.02.50,0
2021-11-19-18.03.49,0
2021-11-19-18.04.48,0
2021-11-19-18.05.47,0
2021-11-19-18.06.46,0
2021-11-19-18.07.45,0
2021-11-19-18.08.44,0
2021-11-19-18.09.43,0
2021-11-19-18.10.42,0
2021-11-19-18.11.41,0
2021-11-19-18.12.40,0
2021-11-19-18.13.39,6
2021-11-19-18.14.39,0
2021-11-19-18.15.38,0
2021-11-19-18.16.37,0
2021-11-19-18.17.36,0
2021-11-19-18.18.35,0
2021-11-19-18.19.34,0
2021-11-19-18.20.33,15
2021-11-19-18.21.33,0
2021-11-19-18.22.32,0
2021-11-19-18.23.31,0
2021-11-19-18.24.30,0
2021-11-19-18.25.29,0
2021-11-19-18.26.28,0
2021-11-19-18.27.27,0
2021-11-19-18.28.26,0
2021-11-19-18.29.25,0
2021-11-19-18.30.25,0
2021-11-19-18.31.24,0
2021-11-19-18.32.23,0
2021-11-19-18.33.22,0
2021-11-19-18.34.21,11
2021-11-19-18.35.21,0
2021-11-19-18.36.20,0
2021-11-19-18.37.19,0
2021-11-19-18.38.18,0
2021-11-19-18.39.17,0
2021-11-19-18.40.16,0
2021-11-19-18.41.15,0
2021-11-19-18.42.14,0
2021-11-19-18.43.13,0
2021-11-19-18.44.12,1
2021-11-19-18.45.12,1
2021-11-19-18.46.12,100
2021-11-19-18.47.21,100
2021-11-19-18.48.30,33
2021-11-19-18.49.30,1
2021-11-19-18.50.30,0
2021-11-19-18.51.29,0
2021-11-19-18.52.28,0
2021-11-19-18.53.27,1
2021-11-19-18.54.27,0
2021-11-19-18.55.26,0
2021-11-19-18.56.25,0
2021-11-19-18.57.24,0
2021-11-19-18.58.23,3
2021-11-19-18.59.23,1
2021-11-19-19.00.23,0
2021-11-19-19.01.22,0
2021-11-19-19.02.21,10
2021-11-19-19.03.21,0
2021-11-19-19.04.20,0
2021-11-19-19.05.19,0
2021-11-19-19.06.19,0
2021-11-19-19.07.18,0
2021-11-19-19.08.17,0
2021-11-19-19.09.16,0
2021-11-19-19.10.15,0
2021-11-19-19.11.14,0
2021-11-19-19.12.13,0
2021-11-19-19.13.12,0
2021-11-19-19.14.11,3
2021-11-19-19.15.11,0
2021-11-19-19.16.10,0
2021-11-19-19.17.09,0
2021-11-19-19.18.08,0
2021-11-19-19.19.07,0
2021-11-19-19.20.06,0
2021-11-19-19.21.05,1
2021-11-19-19.22.05,0
2021-11-19-19.23.04,0
2021-11-19-19.24.03,0
2021-11-19-19.25.02,0
2021-11-19-19.26.01,0
2021-11-19-19.27.00,0
2021-11-19-19.27.59,0
2021-11-19-19.28.58,0
2021-11-19-19.29.57,1
2021-11-19-19.30.57,0
2021-11-19-19.31.56,0
2021-11-19-19.32.55,0
2021-11-19-19.33.54,0
2021-11-19-19.34.53,0
2021-11-19-19.35.52,0
2021-11-19-19.36.51,0
2021-11-19-19.37.50,15
2021-11-19-19.38.50,0
2021-11-19-19.39.50,0
2021-11-19-19.40.49,0
2021-11-19-19.41.48,0
2021-11-19-19.42.47,0
2021-11-19-19.43.46,0
2021-11-19-19.44.45,1
2021-11-19-19.45.45,0
2021-11-19-19.46.44,0
2021-11-19-19.47.43,0
2021-11-19-19.48.42,0
2021-11-19-19.49.41,0
2021-11-19-19.50.40,0
2021-11-19-19.51.39,8
2021-11-19-19.52.39,0
2021-11-19-19.53.38,0
2021-11-19-19.54.37,0
2021-11-19-19.55.36,0
2021-11-19-19.56.35,0
2021-11-19-19.57.34,0
2021-11-19-19.58.33,0
2021-11-19-19.59.32,0
2021-11-19-20.00.31,0
2021-11-19-20.01.30,0
2021-11-19-20.02.29,0
2021-11-19-20.03.28,0
2021-11-19-20.04.27,0
2021-11-19-20.05.26,0
2021-11-19-20.06.25,0
2021-11-19-20.07.24,0
2021-11-19-20.08.23,0
2021-11-19-20.09.22,0
2021-11-19-20.10.21,0
2021-11-19-20.11.20,0
2021-11-19-20.12.19,10
2021-11-19-20.13.19,0
2021-11-19-20.14.19,0
2021-11-19-20.15.18,0
2021-11-19-20.16.17,0
2021-11-19-20.17.16,0
2021-11-19-20.18.15,0
2021-11-19-20.19.14,0
2021-11-19-20.20.13,0
2021-11-19-20.21.12,0
2021-11-19-20.22.11,0
2021-11-19-20.23.10,0
2021-11-19-20.24.09,0
2021-11-19-20.25.08,0
2021-11-19-20.26.07,0
2021-11-19-20.27.06,0
2021-11-19-20.28.05,0
2021-11-19-20.29.04,0
2021-11-19-20.30.03,0
2021-11-19-20.31.02,0
2021-11-19-20.32.01,0
2021-11-19-20.33.00,0
2021-11-19-20.33.59,0
2021-11-19-20.34.58,0
2021-11-19-20.35.57,0
2021-11-19-20.36.56,0
2021-11-19-20.37.55,0
2021-11-19-20.38.54,0
2021-11-19-20.39.53,0
2021-11-19-20.40.53,16
2021-11-19-20.41.53,0
2021-11-19-20.42.52,0
2021-11-19-20.43.51,0
2021-11-19-20.44.50,0
2021-11-19-20.45.49,0
2021-11-19-20.46.48,0
2021-11-19-20.47.47,0
2021-11-19-20.48.46,0
2021-11-19-20.49.45,0
2021-11-19-20.50.44,0
2021-11-19-20.51.43,0
2021-11-19-20.52.42,0
2021-11-19-20.53.41,0
2021-11-19-20.54.40,11
2021-11-19-20.55.40,1
2021-11-19-20.56.40,0
2021-11-19-20.57.39,0
2021-11-19-20.58.38,0
2021-11-19-20.59.37,0
2021-11-19-21.00.36,0
2021-11-19-21.01.35,0
2021-11-19-21.02.34,0
2021-11-19-21.03.33,0
2021-11-19-21.04.32,0
2021-11-19-21.05.31,0
2021-11-19-21.06.30,0
2021-11-19-21.07.29,0
2021-11-19-21.08.28,0
2021-11-19-21.09.27,0
2021-11-19-21.10.26,0
2021-11-19-21.11.25,0
2021-11-19-21.12.24,0
2021-11-19-21.13.23,0
2021-11-19-21.14.22,0
2021-11-19-21.15.22,11
2021-11-19-21.16.22,0
2021-11-19-21.17.21,0
2021-11-19-21.18.20,0
2021-11-19-21.19.19,0
2021-11-19-21.20.18,0
2021-11-19-21.21.17,1
2021-11-19-21.22.17,16
2021-11-19-21.23.17,0
2021-11-19-21.24.16,0
2021-11-19-21.25.15,1
2021-11-19-21.26.15,0
2021-11-19-21.27.14,0
2021-11-19-21.28.13,0
2021-11-19-21.29.12,0
2021-11-19-21.30.11,0
2021-11-19-21.31.10,0
2021-11-19-21.32.09,0
2021-11-19-21.33.08,0
2021-11-19-21.34.07,1
2021-11-19-21.35.07,0
2021-11-19-21.36.06,0
2021-11-19-21.37.05,0
2021-11-19-21.38.04,0
2021-11-19-21.39.03,0
2021-11-19-21.40.02,0
2021-11-19-21.41.01,0
2021-11-19-21.42.00,3
2021-11-19-21.43.00,95
2021-11-19-21.44.00,100
2021-11-19-21.45.09,40
2021-11-19-21.46.09,0
2021-11-19-21.47.08,0
2021-11-19-21.48.08,0
2021-11-19-21.49.07,0
2021-11-19-21.50.06,0
2021-11-19-21.51.05,0
2021-11-19-21.52.04,0
2021-11-19-21.53.03,0
2021-11-19-21.54.02,0
2021-11-19-21.55.01,0
2021-11-19-21.56.00,0
2021-11-19-21.56.59,0
2021-11-19-21.57.58,0
2021-11-19-21.58.57,0
2021-11-19-21.59.56,63
2021-11-19-22.00.56,100
2021-11-19-22.02.05,86
2021-11-19-22.03.05,0
2021-11-19-22.04.04,0
2021-11-19-22.05.03,0
2021-11-19-22.06.02,0
2021-11-19-22.07.01,0
2021-11-19-22.08.00,0
2021-11-19-22.08.59,0
2021-11-19-22.09.58,0
2021-11-19-22.10.57,0
2021-11-19-22.11.56,0
2021-11-19-22.12.55,0
2021-11-19-22.13.54,0
2021-11-19-22.14.53,1
2021-11-19-22.15.53,0
2021-11-19-22.16.52,1
2021-11-19-22.17.52,0
2021-11-19-22.18.51,18
2021-11-19-22.19.51,0
2021-11-19-22.20.51,0
2021-11-19-22.21.50,0
2021-11-19-22.22.49,0
2021-11-19-22.23.48,0
2021-11-19-22.24.47,0
2021-11-19-22.25.46,1
2021-11-19-22.26.46,0
2021-11-19-22.27.45,0
2021-11-19-22.28.44,0
2021-11-19-22.29.43,0
2021-11-19-22.30.42,0
2021-11-19-22.31.41,0
2021-11-19-22.32.40,6
2021-11-19-22.33.40,0
2021-11-19-22.34.39,1
2021-11-19-22.35.39,0
2021-11-19-22.36.38,1
2021-11-19-22.37.38,0
2021-11-19-22.38.37,0
2021-11-19-22.39.36,21
2021-11-19-22.40.36,0
2021-11-19-22.41.35,0
2021-11-19-22.42.34,0
2021-11-19-22.43.33,0
2021-11-19-22.44.32,1
2021-11-19-22.45.32,0
2021-11-19-22.46.31,0
2021-11-19-22.47.30,0
2021-11-19-22.48.29,0
2021-11-19-22.49.28,0
2021-11-19-22.50.27,0
2021-11-19-22.51.26,0
2021-11-19-22.52.25,0
2021-11-19-22.53.24,48
2021-11-19-22.54.24,100
2021-11-19-22.55.33,100
2021-11-19-22.56.42,0
2021-11-19-22.57.42,0
2021-11-19-22.58.41,0
2021-11-19-22.59.40,0
2021-11-19-23.00.39,15
2021-11-19-23.01.39,0
2021-11-19-23.02.38,0
2021-11-19-23.03.37,0
2021-11-19-23.04.36,0
2021-11-19-23.05.35,0
2021-11-19-23.06.34,0
2021-11-19-23.07.33,21
2021-11-19-23.08.33,0
2021-11-19-23.09.32,0
2021-11-19-23.10.31,0
2021-11-19-23.11.30,0
2021-11-19-23.12.29,0
2021-11-19-23.13.28,0
2021-11-19-23.14.27,3
2021-11-19-23.15.27,0
2021-11-19-23.16.26,0
2021-11-19-23.17.25,0
2021-11-19-23.18.24,0
2021-11-19-23.19.23,0
2021-11-19-23.20.22,0
2021-11-19-23.21.21,8
2021-11-19-23.22.21,0
2021-11-19-23.23.20,0
2021-11-19-23.24.19,0
2021-11-19-23.25.18,0
2021-11-19-23.26.17,0
2021-11-19-23.27.16,0
2021-11-19-23.28.15,0
2021-11-19-23.29.14,0
2021-11-19-23.30.13,0
2021-11-19-23.31.12,0
2021-11-19-23.32.12,0
2021-11-19-23.33.11,0
2021-11-19-23.34.10,0
2021-11-19-23.35.09,0
2021-11-19-23.36.08,0
2021-11-19-23.37.07,0
2021-11-19-23.38.06,0
2021-11-19-23.39.05,0
2021-11-19-23.40.04,0
2021-11-19-23.41.03,0
2021-11-19-23.42.02,0
2021-11-19-23.43.01,0
2021-11-19-23.44.00,0
2021-11-19-23.44.59,1
2021-11-19-23.45.59,0
2021-11-19-23.46.58,0
2021-11-19-23.47.57,0
2021-11-19-23.48.56,0
2021-11-19-23.49.55,0
2021-11-19-23.50.54,0
2021-11-19-23.51.53,0
2021-11-19-23.52.52,0
2021-11-19-23.53.51,0
2021-11-19-23.54.50,0
2021-11-19-23.55.49,0
2021-11-19-23.56.48,0
2021-11-19-23.57.47,0
2021-11-19-23.58.46,0
2021-11-19-23.59.45,0
2021-11-20-00.00.44,0
2021-11-20-00.01.43,0
2021-11-20-00.02.42,0
2021-11-20-00.03.41,3
2021-11-20-00.04.41,0
2021-11-20-00.05.41,0
2021-11-20-00.06.40,0
2021-11-20-00.07.39,0
2021-11-20-00.08.38,0
2021-11-20-00.09.37,0
2021-11-20-00.10.36,11
2021-11-20-00.11.36,0
2021-11-20-00.12.35,0
2021-11-20-00.13.34,0
2021-11-20-00.14.33,3
2021-11-20-00.15.33,0
2021-11-20-00.16.32,0
2021-11-20-00.17.31,0
2021-11-20-00.18.30,0
2021-11-20-00.19.29,0
2021-11-20-00.20.28,0
2021-11-20-00.21.27,0
2021-11-20-00.22.26,0
2021-11-20-00.23.25,0
2021-11-20-00.24.24,5
2021-11-20-00.25.24,0
2021-11-20-00.26.23,0
2021-11-20-00.27.22,0
2021-11-20-00.28.21,0
2021-11-20-00.29.20,0
2021-11-20-00.30.19,0
2021-11-20-00.31.18,11
2021-11-20-00.32.18,0
2021-11-20-00.33.17,0
2021-11-20-00.34.16,0
2021-11-20-00.35.15,0
2021-11-20-00.36.14,0
2021-11-20-00.37.13,0
2021-11-20-00.38.12,0
2021-11-20-00.39.11,0
2021-11-20-00.40.11,0
2021-11-20-00.41.10,0
2021-11-20-00.42.09,0
2021-11-20-00.43.08,0
2021-11-20-00.44.07,0
2021-11-20-00.45.06,0
2021-11-20-00.46.05,0
2021-11-20-00.47.04,0
2021-11-20-00.48.03,0
2021-11-20-00.49.02,0
2021-11-20-00.50.01,0
2021-11-20-00.51.00,0
2021-11-20-00.51.59,0
2021-11-20-00.52.58,0
2021-11-20-00.53.57,0
2021-11-20-00.54.56,0
2021-11-20-00.55.55,0
2021-11-20-00.56.54,0
2021-11-20-00.57.53,0
2021-11-20-00.58.52,0
2021-11-20-00.59.51,0
2021-11-20-01.00.50,0
2021-11-20-01.01.49,0
2021-11-20-01.02.48,0
2021-11-20-01.03.47,0
2021-11-20-01.04.46,0
2021-11-20-01.05.45,0
2021-11-20-01.06.44,0
2021-11-20-01.07.43,0
2021-11-20-01.08.42,0
2021-11-20-01.09.41,0
2021-11-20-01.10.40,0
2021-11-20-01.11.39,0
2021-11-20-01.12.39,0
2021-11-20-01.13.38,13
2021-11-20-01.14.38,0
2021-11-20-01.15.37,0
2021-11-20-01.16.36,0
2021-11-20-01.17.35,0
2021-11-20-01.18.34,0
2021-11-20-01.19.33,0
2021-11-20-01.20.32,0
2021-11-20-01.21.31,0
2021-11-20-01.22.30,0
2021-11-20-01.23.29,0
2021-11-20-01.24.28,0
2021-11-20-01.25.27,0
2021-11-20-01.26.26,0
2021-11-20-01.27.25,0
2021-11-20-01.28.24,0
2021-11-20-01.29.23,0
2021-11-20-01.30.22,0
2021-11-20-01.31.21,0
2021-11-20-01.32.20,0
2021-11-20-01.33.19,0
2021-11-20-01.34.18,11
2021-11-20-01.35.18,0
2021-11-20-01.36.17,0
2021-11-20-01.37.16,0
2021-11-20-01.38.15,0
2021-11-20-01.39.14,0
2021-11-20-01.40.13,0
2021-11-20-01.41.12,0
2021-11-20-01.42.11,0
2021-11-20-01.43.10,0
2021-11-20-01.44.09,0
2021-11-20-01.45.08,0
2021-11-20-01.46.08,0
2021-11-20-01.47.07,0
2021-11-20-01.48.06,0
2021-11-20-01.49.05,0
2021-11-20-01.50.04,0
2021-11-20-01.51.03,0
2021-11-20-01.52.02,0
2021-11-20-01.53.01,0
2021-11-20-01.54.00,0
2021-11-20-01.54.59,0
2021-11-20-01.55.58,0
2021-11-20-01.56.57,0
2021-11-20-01.57.56,0
2021-11-20-01.58.55,0
2021-11-20-01.59.54,0
2021-11-20-02.00.53,0
2021-11-20-02.01.52,0
2021-11-20-02.02.51,0
2021-11-20-02.03.50,0
2021-11-20-02.04.49,0
2021-11-20-02.05.48,0
2021-11-20-02.06.47,0
2021-11-20-02.07.46,0
2021-11-20-02.08.45,0
2021-11-20-02.09.44,0
2021-11-20-02.10.43,0
2021-11-20-02.11.42,0
2021-11-20-02.12.41,0
2021-11-20-02.13.40,0
2021-11-20-02.14.39,0
2021-11-20-02.15.38,0
2021-11-20-02.16.37,10
2021-11-20-02.17.37,0
2021-11-20-02.18.36,0
2021-11-20-02.19.36,0
2021-11-20-02.20.35,0
2021-11-20-02.21.34,0
2021-11-20-02.22.33,0
2021-11-20-02.23.32,0
2021-11-20-02.24.31,0
2021-11-20-02.25.30,0
2021-11-20-02.26.29,0
2021-11-20-02.27.28,0
2021-11-20-02.28.27,0
2021-11-20-02.29.26,0
2021-11-20-02.30.25,3
2021-11-20-02.31.25,0
2021-11-20-02.32.24,0
2021-11-20-02.33.23,0
2021-11-20-02.34.22,0
2021-11-20-02.35.21,0
2021-11-20-02.36.20,0
2021-11-20-02.37.19,0
2021-11-20-02.38.18,0
2021-11-20-02.39.17,0
2021-11-20-02.40.16,0
2021-11-20-02.41.15,0
2021-11-20-02.42.14,0
2021-11-20-02.43.13,0
2021-11-20-02.44.12,0
2021-11-20-02.45.12,0
2021-11-20-02.46.11,0
2021-11-20-02.47.10,0
2021-11-20-02.48.09,0
2021-11-20-02.49.08,0
2021-11-20-02.50.07,0
2021-11-20-02.51.06,0
2021-11-20-02.52.05,0
2021-11-20-02.53.04,0
2021-11-20-02.54.03,0
2021-11-20-02.55.02,0
2021-11-20-02.56.01,0
2021-11-20-02.57.00,0
2021-11-20-02.57.59,0
2021-11-20-02.58.58,0
2021-11-20-02.59.57,0
2021-11-20-03.00.56,0
2021-11-20-03.01.55,0
2021-11-20-03.02.54,0
2021-11-20-03.03.53,0
2021-11-20-03.04.52,0
2021-11-20-03.05.51,0
2021-11-20-03.06.50,0
2021-11-20-03.07.49,0
2021-11-20-03.08.48,0
2021-11-20-03.09.47,0
2021-11-20-03.10.46,0
2021-11-20-03.11.45,0
2021-11-20-03.12.44,0
2021-11-20-03.13.43,0
2021-11-20-03.14.42,0
2021-11-20-03.15.41,0
2021-11-20-03.16.41,0
2021-11-20-03.17.40,0
2021-11-20-03.18.39,0
2021-11-20-03.19.38,10
2021-11-20-03.20.38,0
2021-11-20-03.21.37,0
2021-11-20-03.22.36,0
2021-11-20-03.23.35,0
2021-11-20-03.24.34,0
2021-11-20-03.25.33,0
2021-11-20-03.26.32,0
2021-11-20-03.27.31,0
2021-11-20-03.28.30,0
2021-11-20-03.29.29,0
2021-11-20-03.30.28,0
2021-11-20-03.31.27,0
2021-11-20-03.32.26,0
2021-11-20-03.33.25,0
2021-11-20-03.34.24,0
2021-11-20-03.35.23,0
2021-11-20-03.36.22,0
2021-11-20-03.37.21,0
2021-11-20-03.38.20,0
2021-11-20-03.39.19,0
2021-11-20-03.40.18,15
2021-11-20-03.41.18,0
2021-11-20-03.42.17,0
2021-11-20-03.43.16,0
2021-11-20-03.44.15,1
2021-11-20-03.45.15,0
2021-11-20-03.46.14,0
2021-11-20-03.47.13,0
2021-11-20-03.48.12,0
2021-11-20-03.49.11,0
2021-11-20-03.50.10,0
2021-11-20-03.51.10,0
2021-11-20-03.52.09,0
2021-11-20-03.53.08,0
2021-11-20-03.54.07,0
2021-11-20-03.55.06,0
2021-11-20-03.56.05,0
2021-11-20-03.57.04,0
2021-11-20-03.58.03,0
2021-11-20-03.59.02,0
2021-11-20-04.00.01,0
2021-11-20-04.01.00,0
2021-11-20-04.01.59,0
2021-11-20-04.02.58,0
2021-11-20-04.03.57,1
2021-11-20-04.04.57,0
2021-11-20-04.05.56,0
2021-11-20-04.06.55,1
2021-11-20-04.07.55,0
2021-11-20-04.08.54,1
2021-11-20-04.09.54,0
2021-11-20-04.10.53,1
2021-11-20-04.11.53,100
2021-11-20-04.13.02,100
2021-11-20-04.14.11,18
2021-11-20-04.15.11,0
2021-11-20-04.16.10,0
2021-11-20-04.17.09,0
2021-11-20-04.18.08,0
2021-11-20-04.19.07,0
2021-11-20-04.20.06,0
2021-11-20-04.21.05,0
2021-11-20-04.22.04,0
2021-11-20-04.23.03,1
2021-11-20-04.24.03,1
2021-11-20-04.25.03,0
2021-11-20-04.26.02,0
2021-11-20-04.27.02,0
2021-11-20-04.28.01,0
2021-11-20-04.29.00,0
2021-11-20-04.29.59,0
2021-11-20-04.30.58,0
2021-11-20-04.31.57,0
2021-11-20-04.32.56,0
2021-11-20-04.33.55,0
2021-11-20-04.34.54,0
2021-11-20-04.35.53,0
2021-11-20-04.36.52,1
2021-11-20-04.37.52,0
2021-11-20-04.38.51,0
2021-11-20-04.39.50,0
2021-11-20-04.40.49,0
2021-11-20-04.41.48,0
2021-11-20-04.42.47,0
2021-11-20-04.43.46,0
2021-11-20-04.44.45,1
2021-11-20-04.45.45,0
2021-11-20-04.46.44,0
2021-11-20-04.47.43,0
2021-11-20-04.48.42,0
2021-11-20-04.49.41,0
2021-11-20-04.50.40,0
2021-11-20-04.51.39,0
2021-11-20-04.52.38,0
2021-11-20-04.53.37,0
2021-11-20-04.54.36,0
2021-11-20-04.55.35,0
2021-11-20-04.56.34,0
2021-11-20-04.57.33,16
2021-11-20-04.58.33,0
2021-11-20-04.59.32,0
2021-11-20-05.00.31,0
2021-11-20-05.01.31,0
2021-11-20-05.02.30,0
2021-11-20-05.03.29,0
2021-11-20-05.04.28,0
2021-11-20-05.05.27,0
2021-11-20-05.06.26,0
2021-11-20-05.07.25,0
2021-11-20-05.08.24,0
2021-11-20-05.09.23,0
2021-11-20-05.10.22,0
2021-11-20-05.11.21,13
2021-11-20-05.12.21,0
2021-11-20-05.13.20,0
2021-11-20-05.14.19,0
2021-11-20-05.15.18,0
2021-11-20-05.16.17,0
2021-11-20-05.17.16,0
2021-11-20-05.18.15,0
2021-11-20-05.19.14,0
2021-11-20-05.20.13,0
2021-11-20-05.21.13,0
2021-11-20-05.22.12,0
2021-11-20-05.23.11,0
2021-11-20-05.24.10,0
2021-11-20-05.25.09,0
2021-11-20-05.26.08,0
2021-11-20-05.27.07,0
2021-11-20-05.28.06,0
2021-11-20-05.29.05,0
2021-11-20-05.30.04,0
2021-11-20-05.31.03,0
2021-11-20-05.32.02,0
2021-11-20-05.33.01,0
2021-11-20-05.34.00,0
2021-11-20-05.34.59,0
2021-11-20-05.35.58,0
2021-11-20-05.36.57,0
2021-11-20-05.37.56,0
2021-11-20-05.38.55,0
2021-11-20-05.39.54,0
2021-11-20-05.40.53,0
2021-11-20-05.41.52,0
2021-11-20-05.42.51,0
2021-11-20-05.43.50,0
2021-11-20-05.44.49,0
2021-11-20-05.45.48,0
2021-11-20-05.46.47,0
2021-11-20-05.47.46,0
2021-11-20-05.48.45,0
2021-11-20-05.49.44,0
2021-11-20-05.50.43,0
2021-11-20-05.51.42,0
2021-11-20-05.52.41,0
2021-11-20-05.53.40,5
2021-11-20-05.54.40,0
2021-11-20-05.55.40,0
2021-11-20-05.56.39,58
2021-11-20-05.57.39,100
2021-11-20-05.58.48,91
2021-11-20-05.59.48,5
2021-11-20-06.00.48,0
2021-11-20-06.01.47,1
2021-11-20-06.02.47,0
2021-11-20-06.03.46,0
2021-11-20-06.04.45,0
2021-11-20-06.05.44,0
2021-11-20-06.06.43,0
2021-11-20-06.07.42,0
2021-11-20-06.08.41,0
2021-11-20-06.09.40,0
2021-11-20-06.10.39,1
2021-11-20-06.11.39,0
2021-11-20-06.12.38,0
2021-11-20-06.13.37,0
2021-11-20-06.14.36,15
2021-11-20-06.15.36,0
2021-11-20-06.16.35,0
2021-11-20-06.17.34,0
2021-11-20-06.18.33,0
2021-11-20-06.19.32,0
2021-11-20-06.20.31,0
2021-11-20-06.21.30,0
2021-11-20-06.22.29,0
2021-11-20-06.23.28,0
2021-11-20-06.24.27,0
2021-11-20-06.25.26,0
2021-11-20-06.26.25,0
2021-11-20-06.27.24,0
2021-11-20-06.28.23,3
2021-11-20-06.29.23,1
2021-11-20-06.30.23,0
2021-11-20-06.31.23,0
2021-11-20-06.32.22,0
2021-11-20-06.33.21,0
2021-11-20-06.34.20,0
2021-11-20-06.35.19,13
2021-11-20-06.36.19,0
2021-11-20-06.37.18,0
2021-11-20-06.38.17,0
2021-11-20-06.39.16,0
2021-11-20-06.40.15,1
2021-11-20-06.41.15,0
2021-11-20-06.42.14,0
2021-11-20-06.43.13,0
2021-11-20-06.44.12,0
2021-11-20-06.45.11,0
2021-11-20-06.46.10,0
2021-11-20-06.47.09,0
2021-11-20-06.48.08,0
2021-11-20-06.49.07,0
2021-11-20-06.50.06,0
2021-11-20-06.51.05,0
2021-11-20-06.52.04,0
2021-11-20-06.53.03,0
2021-11-20-06.54.02,0
2021-11-20-06.55.01,0
2021-11-20-06.56.01,1
2021-11-20-06.57.01,0
2021-11-20-06.58.00,0
2021-11-20-06.58.59,0
2021-11-20-06.59.58,0
2021-11-20-07.00.57,0
2021-11-20-07.01.56,0
2021-11-20-07.02.55,1
2021-11-20-07.03.55,0
2021-11-20-07.04.54,0
2021-11-20-07.05.53,0
2021-11-20-07.06.52,0
2021-11-20-07.07.51,0
2021-11-20-07.08.50,0
2021-11-20-07.09.49,0
2021-11-20-07.10.48,0
2021-11-20-07.11.47,0
2021-11-20-07.12.46,0
2021-11-20-07.13.45,0
2021-11-20-07.14.44,0
2021-11-20-07.15.43,0
2021-11-20-07.16.42,0
2021-11-20-07.17.41,6
2021-11-20-07.18.41,0
2021-11-20-07.19.40,0
2021-11-20-07.20.39,0
2021-11-20-07.21.38,0
2021-11-20-07.22.37,0
2021-11-20-07.23.36,0
2021-11-20-07.24.35,15
2021-11-20-07.25.35,0
2021-11-20-07.26.34,0
2021-11-20-07.27.33,0
2021-11-20-07.28.32,0
2021-11-20-07.29.31,0
2021-11-20-07.30.30,0
2021-11-20-07.31.30,0
2021-11-20-07.32.29,0
2021-11-20-07.33.28,0
2021-11-20-07.34.27,0
2021-11-20-07.35.26,0
2021-11-20-07.36.25,0
2021-11-20-07.37.24,0
2021-11-20-07.38.23,3
2021-11-20-07.39.23,0
2021-11-20-07.40.22,0
2021-11-20-07.41.21,0
2021-11-20-07.42.20,0
2021-11-20-07.43.19,0
2021-11-20-07.44.18,0
2021-11-20-07.45.17,16
2021-11-20-07.46.17,0
2021-11-20-07.47.16,0
2021-11-20-07.48.15,0
2021-11-20-07.49.14,0
2021-11-20-07.50.13,0
2021-11-20-07.51.12,0
2021-11-20-07.52.11,0
2021-11-20-07.53.11,0
2021-11-20-07.54.10,0
2021-11-20-07.55.09,0
2021-11-20-07.56.08,0
2021-11-20-07.57.07,0
2021-11-20-07.58.06,0
2021-11-20-07.59.05,0
2021-11-20-08.00.04,0
2021-11-20-08.01.03,0
2021-11-20-08.02.02,0
2021-11-20-08.03.01,0
2021-11-20-08.04.00,0
2021-11-20-08.04.59,0
2021-11-20-08.05.58,0
2021-11-20-08.06.57,0
2021-11-20-08.07.56,0
2021-11-20-08.08.55,0
2021-11-20-08.09.54,0
2021-11-20-08.10.53,0
2021-11-20-08.11.52,0
2021-11-20-08.12.51,0
2021-11-20-08.13.50,3
2021-11-20-08.14.50,3
2021-11-20-08.15.50,0
2021-11-20-08.16.49,0
2021-11-20-08.17.48,0
2021-11-20-08.18.47,0
2021-11-20-08.19.46,0
2021-11-20-08.20.45,0
2021-11-20-08.21.44,0
2021-11-20-08.22.43,0
2021-11-20-08.23.42,0
2021-11-20-08.24.41,0
2021-11-20-08.25.40,0
2021-11-20-08.26.40,0
2021-11-20-08.27.39,13
2021-11-20-08.28.39,0
2021-11-20-08.29.38,0
2021-11-20-08.30.37,0
2021-11-20-08.31.36,0
2021-11-20-08.32.35,0
2021-11-20-08.33.34,0
2021-11-20-08.34.33,21
2021-11-20-08.35.33,0
2021-11-20-08.36.32,0
2021-11-20-08.37.31,0
2021-11-20-08.38.30,0
2021-11-20-08.39.29,0
2021-11-20-08.40.28,0
2021-11-20-08.41.27,0
2021-11-20-08.42.26,0
2021-11-20-08.43.25,0
2021-11-20-08.44.24,0
2021-11-20-08.45.23,0
2021-11-20-08.46.22,0
2021-11-20-08.47.21,0
2021-11-20-08.48.20,11
2021-11-20-08.49.20,0
2021-11-20-08.50.19,0
2021-11-20-08.51.18,0
2021-11-20-08.52.17,0
2021-11-20-08.53.16,0
2021-11-20-08.54.15,0
2021-11-20-08.55.14,0
2021-11-20-08.56.13,3
2021-11-20-08.57.13,0
2021-11-20-08.58.12,0
2021-11-20-08.59.11,0
2021-11-20-09.00.10,0
2021-11-20-09.01.10,0
2021-11-20-09.02.09,0
2021-11-20-09.03.08,0
2021-11-20-09.04.07,0
2021-11-20-09.05.06,0
2021-11-20-09.06.05,0
2021-11-20-09.07.04,0
2021-11-20-09.08.03,0
2021-11-20-09.09.02,0
2021-11-20-09.10.01,0
2021-11-20-09.11.00,0
2021-11-20-09.11.59,0
2021-11-20-09.12.58,0
2021-11-20-09.13.57,0
2021-11-20-09.14.56,0
2021-11-20-09.15.55,0
2021-11-20-09.16.54,1
2021-11-20-09.17.54,3
2021-11-20-09.18.54,1
2021-11-20-09.19.54,0
2021-11-20-09.20.53,0
2021-11-20-09.21.52,1
2021-11-20-09.22.52,80
2021-11-20-09.23.52,100
2021-11-20-09.25.01,51
2021-11-20-09.26.01,0
2021-11-20-09.27.00,0
2021-11-20-09.27.59,0
2021-11-20-09.28.58,0
2021-11-20-09.29.57,0
2021-11-20-09.30.56,0
2021-11-20-09.31.55,0
2021-11-20-09.32.54,0
2021-11-20-09.33.53,0
2021-11-20-09.34.53,0
2021-11-20-09.35.52,0
2021-11-20-09.36.51,0
2021-11-20-09.37.50,6
2021-11-20-09.38.50,0
2021-11-20-09.39.49,0
2021-11-20-09.40.48,0
2021-11-20-09.41.47,0
2021-11-20-09.42.46,0
2021-11-20-09.43.45,0
2021-11-20-09.44.44,0
2021-11-20-09.45.43,0
2021-11-20-09.46.42,0
2021-11-20-09.47.41,0
2021-11-20-09.48.40,0
2021-11-20-09.49.39,0
2021-11-20-09.50.38,0
2021-11-20-09.51.37,11
2021-11-20-09.52.37,0
2021-11-20-09.53.36,0
2021-11-20-09.54.35,0
2021-11-20-09.55.34,0
2021-11-20-09.56.33,0
2021-11-20-09.57.32,0
2021-11-20-09.58.31,0
2021-11-20-09.59.30,0
2021-11-20-10.00.29,0
2021-11-20-10.01.28,0
2021-11-20-10.02.27,0
2021-11-20-10.03.26,0
2021-11-20-10.04.25,0
2021-11-20-10.05.24,3
2021-11-20-10.06.24,0
2021-11-20-10.07.23,0
2021-11-20-10.08.22,0
2021-11-20-10.09.21,0
2021-11-20-10.10.21,0
2021-11-20-10.11.20,0
2021-11-20-10.12.19,10
2021-11-20-10.13.19,0
2021-11-20-10.14.18,0
2021-11-20-10.15.17,0
2021-11-20-10.16.16,0
2021-11-20-10.17.15,0
2021-11-20-10.18.14,0
2021-11-20-10.19.13,0
2021-11-20-10.20.12,0
2021-11-20-10.21.11,0
2021-11-20-10.22.10,0
2021-11-20-10.23.09,0
2021-11-20-10.24.08,0
2021-11-20-10.25.07,0
2021-11-20-10.26.06,0
2021-11-20-10.27.05,0
2021-11-20-10.28.04,0
2021-11-20-10.29.03,0
2021-11-20-10.30.03,0
2021-11-20-10.31.02,0
2021-11-20-10.32.01,0
2021-11-20-10.33.00,0
2021-11-20-10.33.59,1
2021-11-20-10.34.59,0
2021-11-20-10.35.58,0
2021-11-20-10.36.57,0
2021-11-20-10.37.56,0
2021-11-20-10.38.55,0
2021-11-20-10.39.54,0
2021-11-20-10.40.53,0
2021-11-20-10.41.52,0
2021-11-20-10.42.51,0
2021-11-20-10.43.50,0
2021-11-20-10.44.49,0
2021-11-20-10.45.48,0
2021-11-20-10.46.47,0
2021-11-20-10.47.46,0
2021-11-20-10.48.45,0
2021-11-20-10.49.44,0
2021-11-20-10.50.43,0
2021-11-20-10.51.42,0
2021-11-20-10.52.41,0
2021-11-20-10.53.40,0
2021-11-20-10.54.39,6
2021-11-20-10.55.39,0
2021-11-20-10.56.38,0
2021-11-20-10.57.37,0
2021-11-20-10.58.36,0
2021-11-20-10.59.35,0
2021-11-20-11.00.34,0
2021-11-20-11.01.33,16
2021-11-20-11.02.33,0
2021-11-20-11.03.32,0
2021-11-20-11.04.32,0
2021-11-20-11.05.31,0
2021-11-20-11.06.30,0
2021-11-20-11.07.29,0
2021-11-20-11.08.28,0
2021-11-20-11.09.27,0
2021-11-20-11.10.26,0
2021-11-20-11.11.25,0
2021-11-20-11.12.24,0
2021-11-20-11.13.23,0
2021-11-20-11.14.22,0
2021-11-20-11.15.21,11
2021-11-20-11.16.21,0
2021-11-20-11.17.20,0
2021-11-20-11.18.19,0
2021-11-20-11.19.18,0
2021-11-20-11.20.17,1
2021-11-20-11.21.17,0
2021-11-20-11.22.16,18
2021-11-20-11.23.16,0
2021-11-20-11.24.16,0
2021-11-20-11.25.15,0
2021-11-20-11.26.14,0
2021-11-20-11.27.13,0
2021-11-20-11.28.12,0
2021-11-20-11.29.11,0
2021-11-20-11.30.10,0
2021-11-20-11.31.09,0
